ID,Name,0,1,2,3,4,5,6,7,8,9,10,11,12,13,14,15,16,17,18
100,Boot,Sonja,B.B.,Stacey,Ramona,Dirk,Joel,Gretchen,Greg,Jenna,Gervase,Colleen,Sean,Susan,Rudy,,,,,
101,Richard,-1,0,1,0,1,0,1,1,1,1,1,1,0,0,,,,,
102,Kelly,-1,0,-1,0,1,0,1,1,-1,1,-1,1,1,1,,,,,
103,Rudy,1,0,1,0,1,0,1,1,1,1,1,1,1,0,,,,,
104,Susan,1,0,1,0,1,0,1,1,1,1,1,1,0,0,,,,,
105,Sean,1,0,1,0,-1,0,-1,1,1,1,1,-1,0,0,,,,,
106,Colleen,0,1,0,1,0,1,-1,-1,-1,-1,-1,0,0,0,,,,,
107,Gervase,0,1,0,-1,0,-1,-1,-1,-1,-1,0,0,0,0,,,,,
108,Jenna,0,1,0,1,0,1,-1,1,-1,0,0,0,0,0,,,,,
109,Greg,0,-1,0,-1,0,1,-1,-1,0,0,0,0,0,0,,,,,
110,Gretchen,0,1,0,1,0,1,-1,0,0,0,0,0,0,0,,,,,
111,Joel,0,1,0,1,0,-1,0,0,0,0,0,0,0,0,,,,,
112,Dirk,1,0,1,0,-1,0,0,0,0,0,0,0,0,0,,,,,
113,Ramona,0,1,0,-1,0,0,0,0,0,0,0,0,0,0,,,,,
114,Stacey,-1,0,-1,0,0,0,0,0,0,0,0,0,0,0,,,,,
115,B.B.,0,-1,0,0,0,0,0,0,0,0,0,0,0,0,,,,,
116,Sonja,-1,0,0,0,0,0,0,0,0,0,0,0,0,0,,,,,
200,Boot,Debb,Kel,Maralyn,Mitchell,Kimmi,Jeff,Alicia,Jerri,Nick,Amber,Rodger,Elisabeth,Keith,,,,,,
201,Tina,0,1,1,0,0,0,1,1,1,1,1,1,0,,,,,,
202,Colby,0,1,1,0,0,0,1,1,1,-1,1,1,1,,,,,,
203,Keith,0,1,-1,0,0,0,1,1,1,1,1,1,0,,,,,,
204,Elisabeth,1,0,0,0,1,0,1,1,-1,1,-1,-1,0,,,,,,
205,Rodger,1,0,0,0,1,0,1,1,-1,1,-1,0,0,,,,,,
206,Amber,0,1,1,0,0,0,1,-1,1,-1,0,0,0,,,,,,
207,Nick,1,0,0,0,1,0,-1,1,-1,0,0,0,0,,,,,,
208,Jerri,0,1,1,0,0,0,1,-1,0,0,0,0,0,,,,,,
209,Alicia,1,0,0,0,1,0,-1,0,0,0,0,0,0,,,,,,
210,Jeff,1,0,0,0,1,0,0,0,0,0,0,0,0,,,,,,
211,Michael,1,0,0,0,1,0,0,0,0,0,0,0,0,,,,,,
212,Kimmi,1,0,0,0,-1,0,0,0,0,0,0,0,0,,,,,,
213,Mitchell,0,1,1,0,0,0,0,0,0,0,0,0,0,,,,,,
214,Maralyn,0,1,-1,0,0,0,0,0,0,0,0,0,0,,,,,,
215,Kel,0,-1,0,0,0,0,0,0,0,0,0,0,0,,,,,,
216,Debb,-1,0,0,0,0,0,0,0,0,0,0,0,0,,,,,,
300,Boot,Diane,Jessie,Carl,Linda,Silas,Lindsey,Clarence,Kelly,Brandon,Frank,Kim P.,Teresa,Tom,Lex,,,,,
301,Ethan,1,1,0,0,1,0,1,1,1,1,1,1,1,0,,,,,
302,Kim J.,1,1,0,0,1,0,1,1,1,1,1,1,1,1,,,,,
303,Lex,1,1,0,0,0,0,1,1,-1,1,1,1,1,0,,,,,
304,Tom,-1,-1,0,0,0,0,1,1,1,1,1,1,-1,0,,,,,
305,Teresa,0,0,0,0,1,0,1,1,1,1,-1,-1,0,0,,,,,
306,Kim P.,0,0,0,1,0,0,1,1,1,1,-1,0,0,0,,,,,
307,Frank,0,0,0,0,1,0,1,-1,1,-1,0,0,0,0,,,,,
308,Brandon,0,0,0,1,0,0,1,1,-1,0,0,0,0,0,,,,,
309,Kelly,1,1,0,0,0,0,1,-1,0,0,0,0,0,0,,,,,
310,Clarence,1,1,0,0,1,0,-1,0,0,0,0,0,0,0,,,,,
311,Lindsey,0,0,0,1,0,0,0,0,0,0,0,0,0,0,,,,,
312,Silas,0,0,0,1,-1,0,0,0,0,0,0,0,0,0,,,,,
313,Linda,0,0,0,-1,0,0,0,0,0,0,0,0,0,0,,,,,
314,Carl,0,0,0,0,0,0,0,0,0,0,0,0,0,0,,,,,
315,Jessie,1,-1,0,0,0,0,0,0,0,0,0,0,0,0,,,,,
316,Diane,-1,0,0,0,0,0,0,0,0,0,0,0,0,0,,,,,
400,Boot,Peter,Patricia,Hunter,Sarah,Gabriel,Gina,Rob,John,Zoe,Robert,Sean,Paschal,Kathy,Neleh,Vecepia,,,,
401,Vecepia,-1,1,1,0,1,0,1,1,1,-1,-1,0,0,0,0,,,,
402,Neleh,0,0,0,1,0,1,1,1,1,-1,-1,0,0,-1,0,,,,
404,Kathy,0,0,0,1,0,1,-1,1,1,-1,-1,0,0,0,-1,,,,
404,Paschal,0,0,0,1,0,1,1,1,1,-1,-1,0,0,0,0,,,,
405,Sean,-1,1,1,0,1,0,-1,1,1,-1,-1,0,0,0,0,,,,
406,Robert,0,0,0,0,1,0,1,-1,1,-1,1,0,0,0,0,,,,
407,Tammy,0,0,0,0,1,0,1,-1,1,-1,0,0,0,0,0,,,,
408,Zoe,0,0,0,0,1,0,1,1,-1,0,0,0,0,0,0,,,,
409,John,0,0,0,0,1,0,1,-1,0,0,0,0,0,0,0,,,,
410,Rob,1,1,1,0,1,0,-1,0,0,0,0,0,0,0,0,,,,
411,Gina,1,-1,-1,1,0,-1,0,0,0,0,0,0,0,0,0,,,,
412,Gabriel,0,0,0,0,-1,0,0,0,0,0,0,0,0,0,0,,,,
413,Sarah,1,1,1,-1,0,0,0,0,0,0,0,0,0,0,0,,,,
414,Hunter,1,-1,-1,0,0,0,0,0,0,0,0,0,0,0,0,,,,
415,Patricia,1,-1,0,0,0,0,0,0,0,0,0,0,0,0,0,,,,
416,Peter,-1,0,0,0,0,0,0,0,0,0,0,0,0,0,0,,,,
500,Boot,John,Tanya,Jed,Ghandia,Stephanie,Robb,Shii Ann,Erin,Ken,Penny,Jake,Ted,Helen,Jan,,,,,
501,Brian,1,1,0,1,0,0,0,0,1,1,1,1,1,1,,,,,
502,Clay,1,1,0,1,0,0,0,0,1,-1,1,1,1,0,,,,,
503,Jan,1,1,0,-1,0,0,0,0,1,1,1,1,1,0,,,,,
504,Helen,-1,1,0,1,0,0,0,0,1,1,1,1,-1,0,,,,,
505,Ted,1,1,0,1,0,0,0,0,1,1,1,-1,0,0,,,,,
506,Jake,0,0,1,0,1,1,1,1,-1,-1,-1,0,0,0,,,,,
507,Penny,0,0,1,0,1,1,1,1,-1,-1,0,0,0,0,,,,,
508,Ken,0,0,1,0,1,1,1,1,-1,0,0,0,0,0,,,,,
509,Erin,0,0,1,0,1,1,1,-1,0,0,0,0,0,0,,,,,
510,Shii Ann,0,0,1,0,1,1,-1,0,0,0,0,0,0,0,,,,,
511,Robb,0,0,-1,0,-1,-1,0,0,0,0,0,0,0,0,,,,,
512,Stephanie,0,0,-1,0,-1,0,0,0,0,0,0,0,0,0,,,,,
513,Ghandia,1,-1,0,-1,0,0,0,0,0,0,0,0,0,0,,,,,
514,Jed,0,0,-1,0,0,0,0,0,0,0,0,0,0,0,,,,,
515,Tanya,1,-1,0,0,0,0,0,0,0,0,0,0,0,0,,,,,
516,John,-1,0,0,0,0,0,0,0,0,0,0,0,0,0,,,,,
600,Boot,Ryan,Janet,Daniel,JoAnna,Jeanne,Shawna,Roger,Dave,Deena,Alex,Christy,Heidi,Butch,Rob,,,,,
601,Jenna,0,1,0,1,0,1,1,1,1,-1,1,-1,1,1,,,,,
602,Matthew,-1,0,1,0,0,1,1,1,1,1,1,1,1,0,,,,,
603,Rob,1,0,1,0,0,1,1,1,1,1,1,1,1,0,,,,,
604,Butch,1,0,1,0,1,0,-1,1,1,1,-1,1,-1,0,,,,,
605,Heidi,0,1,0,1,1,0,1,1,1,-1,1,-1,0,0,,,,,
606,Christy,0,-1,0,1,-1,0,1,1,-1,1,-1,0,0,0,,,,,
607,Alex,1,0,1,0,0,-1,1,1,1,-1,0,0,0,0,,,,,
608,Deena,0,1,0,1,0,1,1,1,-1,0,0,0,0,0,,,,,
609,Dave,-1,0,1,0,1,0,-1,-1,0,0,0,0,0,0,,,,,
610,Roger,1,0,1,0,1,0,-1,0,0,0,0,0,0,0,,,,,
611,Shawna,0,1,0,-1,0,-1,0,0,0,0,0,0,0,0,,,,,
612,Jeanne,0,1,0,-1,-1,0,0,0,0,0,0,0,0,0,,,,,
613,JoAnna,0,-1,0,-1,0,0,0,0,0,0,0,0,0,0,,,,,
614,Daniel,-1,0,-1,0,0,0,0,0,0,0,0,0,0,0,,,,,
615,Janet,0,-1,0,0,0,0,0,0,0,0,0,0,0,0,,,,,
616,Ryan,-1,0,0,0,0,0,0,0,0,0,0,0,0,0,,,,,
700,Boot,Nicole,Ryan S.,Lillian,Burton,Michelle,Trish,Shawn,Andrew,Ryan O.,Rupert,Tijuana,Christa,Burton,Darrah,,,,,
701,Sandra,0,0,0,1,1,1,1,1,1,1,1,-1,1,1,,,,,
702,Lillian,1,-1,-1,0,0,0,0,0,0,0,0,0,0,0,,,,,
703,Jon,0,0,0,1,1,-1,1,1,1,1,1,1,-1,1,,,,,
704,Darrah,1,1,1,0,0,0,0,-1,1,1,-1,1,1,-1,,,,,
705,Burton,0,0,0,-1,0,0,0,0,0,0,0,0,0,0,,,,,
706,Christa,0,0,0,1,1,1,1,1,1,-1,1,-1,0,0,,,,,
707,Tijuana,1,1,1,0,0,0,0,-1,1,1,-1,0,0,0,,,,,
708,Rupert,0,0,0,0,1,1,1,1,1,-1,0,0,0,0,,,,,
710,Andrew,1,1,1,0,0,0,0,-1,0,0,0,0,0,0,,,,,
711,Osten,1,1,1,0,0,0,0,0,0,0,0,0,0,0,,,,,
712,Shawn,0,0,0,1,1,1,-1,0,0,0,0,0,0,0,,,,,
713,Trish,0,0,0,1,1,-1,0,0,0,0,0,0,0,0,,,,,
714,Michelle,0,0,0,-1,-1,0,0,0,0,0,0,0,0,0,,,,,
716,Nicole,-1,0,0,0,0,0,0,0,0,0,0,0,0,0,,,,,
709,Ryan O.,1,1,1,0,0,0,0,-1,-1,0,0,0,0,0,,,,,
715,Ryan S.,1,-1,0,0,0,0,0,0,0,0,0,0,0,0,,,,,
800,Boot,Tina,Rudy,Rob C.,Richard,Colby,Ethan,Jerri,Lex,Kathy,Alicia,Shii Ann,Tom,Rupert,Jenna L.,Rob M.,,,,
801,Amber,0,0,1,0,1,1,1,1,1,1,1,1,1,0,0,,,,
804,Rupert,1,-1,0,0,0,1,1,1,1,1,1,1,-1,0,0,,,,
805,Tom,0,0,1,0,0,1,1,1,1,1,1,-1,0,0,0,,,,
807,Alicia,0,0,1,0,0,1,1,1,1,-1,0,0,0,0,0,,,,
808,Kathy,0,0,0,1,1,1,1,-1,-1,0,0,0,0,0,0,,,,
809,Lex,0,0,0,1,1,1,1,-1,0,0,0,0,0,0,0,,,,
810,Jerri,1,1,0,1,1,1,-1,0,0,0,0,0,0,0,0,,,,
811,Ethan,-1,1,0,1,-1,-1,0,0,0,0,0,0,0,0,0,,,,
812,Colby,0,0,0,1,-1,0,0,0,0,0,0,0,0,0,0,,,,
813,Susan,0,0,1,0,0,0,0,0,0,0,0,0,0,0,0,,,,
814,Richard,0,0,0,-1,0,0,0,0,0,0,0,0,0,0,0,,,,
817,Rudy,1,-1,0,0,0,0,0,0,0,0,0,0,0,0,0,,,,
818,Tina,-1,0,0,0,0,0,0,0,0,0,0,0,0,0,0,,,,
802,Rob M.,0,0,1,0,0,1,1,1,1,1,1,1,1,1,0,,,,
803,Jenna L.,1,1,0,0,0,1,1,1,1,1,1,1,1,0,1,,,,
806,Shii Ann,0,0,0,1,1,1,1,1,-1,1,-1,0,0,0,0,,,,
815,Rob C.,0,0,-1,0,0,0,0,0,0,0,0,0,0,0,0,,,,
816,Jenna M.,0,0,0,0,0,0,0,0,0,0,0,0,0,0,0,,,,
900,Boot,Brook,Dolly,John P.,Mia,Brady,Travis,Lisa,John K.,Rory,Lea,Chad,Leann,Ami,Julie,Eliza,Scout,Twila,,
901,Chris,1,0,1,0,1,0,0,1,-1,1,-1,1,1,1,1,1,0,,
902,Twila,0,1,0,1,0,0,0,1,1,1,1,1,1,1,1,0,0,,
903,Scout,0,1,0,1,0,1,-1,0,1,1,1,1,1,1,1,0,1,,
904,Eliza,0,1,0,-1,0,1,1,0,1,1,1,1,1,-1,-1,0,0,,
905,Julie,0,-1,0,-1,0,0,0,1,1,1,1,-1,-1,-1,0,0,0,,
906,Ami,0,1,0,1,0,1,1,0,1,1,1,-1,-1,0,0,0,0,,
907,Leann,0,1,0,1,0,1,1,0,1,1,1,-1,0,0,0,0,0,,
908,Chad,1,0,1,0,1,0,0,1,-1,-1,-1,0,0,0,0,0,0,,
909,Lea,1,0,1,0,1,0,0,1,-1,-1,0,0,0,0,0,0,0,,
910,Rory,1,0,1,0,1,1,1,0,-1,0,0,0,0,0,0,0,0,,
912,Lisa,0,-1,0,1,0,1,-1,0,0,0,0,0,0,0,0,0,0,,
913,Travis,1,0,1,0,1,-1,0,0,0,0,0,0,0,0,0,0,0,,
914,Brady,-1,0,-1,0,-1,0,0,0,0,0,0,0,0,0,0,0,0,,
915,Mia,0,-1,0,-1,0,0,0,0,0,0,0,0,0,0,0,0,0,,
917,Dolly,0,-1,0,0,0,0,0,0,0,0,0,0,0,0,0,0,0,,
918,Brook,-1,0,0,0,0,0,0,0,0,0,0,0,0,0,0,0,0,,
911,John K.,-1,0,-1,0,1,0,0,-1,0,0,0,0,0,0,0,0,0,,
916,John P.,-1,0,-1,0,0,0,0,0,0,0,0,0,0,0,0,0,0,,
1000,Boot,Jolanda,Ashlee,Jeff,Kim,Willard,Angie,James,Ibrehem,Coby,Stephenie,Gregg,Caryn,Jenn,Ian,,,,,
1001,Tom,0,0,0,0,1,0,1,0,1,1,1,1,0,1,,,,,
1002,Katie,0,0,0,0,1,0,1,0,1,1,1,1,0,0,,,,,
1003,Ian,0,0,0,0,1,0,1,0,1,1,1,1,0,0,,,,,
1004,Jenn,0,0,0,0,1,0,1,0,1,1,-1,1,0,0,,,,,
1005,Caryn,0,0,0,0,1,0,1,0,1,1,1,-1,0,0,,,,,
1006,Gregg,0,0,0,0,1,0,1,0,1,1,-1,0,0,0,,,,,
1007,Stephenie,1,1,1,1,0,1,1,1,1,-1,0,0,0,0,,,,,
1008,Janu,0,0,0,0,1,0,0,0,-1,0,0,0,0,0,,,,,
1009,Coby,0,0,0,0,1,0,0,0,-1,0,0,0,0,0,,,,,
1010,Bobby Jon,1,1,-1,1,0,1,1,1,0,0,0,0,0,0,,,,,
1011,Ibrehem,1,1,1,1,0,1,0,-1,0,0,0,0,0,0,,,,,
1012,James,1,1,-1,1,0,1,0,0,0,0,0,0,0,0,,,,,
1013,Angie,1,1,1,1,0,0,0,0,0,0,0,0,0,0,,,,,
1014,Willard,0,0,0,0,-1,0,0,0,0,0,0,0,0,0,,,,,
1015,Kim,1,1,1,-1,0,0,0,0,0,0,0,0,0,0,,,,,
1016,Jeff,1,1,-1,0,0,0,0,0,0,0,0,0,0,0,,,,,
1017,Ashlee,1,-1,0,0,0,0,0,0,0,0,0,0,0,0,,,,,
1018,Jolanda,-1,0,0,0,0,0,0,0,0,0,0,0,0,0,,,,,
1020,Jonathan,0,0,0,0,0,0,0,0,0,0,0,0,0,0,,,,,
1019,Wanda,0,0,0,0,0,0,0,0,0,0,0,0,0,0,,,,,
1100,Boot,Jim,Morgan,Brianna,Brooke,Blake,Margaret,Brian,Amy,Brandon,Bobby Jon,Jamie,Gary,Judd,Cindy,Lydia,Rafe,Stephenie,,
1101,Danni,1,0,0,0,1,0,1,1,-1,-1,1,1,1,1,1,1,0,,
1102,Stephenie,0,1,1,1,0,1,0,0,1,1,1,1,1,1,1,0,0,,
1103,Rafe,0,1,1,1,0,1,0,0,1,1,1,1,1,1,1,0,1,,
1104,Lydia,0,1,1,1,0,1,0,0,1,1,1,1,1,1,-1,0,0,,
1105,Cindy,1,0,0,-1,0,1,0,0,1,1,1,1,-1,-1,0,0,0,,
1106,Judd,1,0,0,1,0,1,0,0,1,1,-1,1,-1,0,0,0,0,,
1107,Gary,0,1,1,0,1,0,1,1,-1,-1,1,-1,0,0,0,0,0,,
1108,Jamie,0,1,1,1,0,1,0,0,1,1,-1,0,0,0,0,0,0,,
1109,Bobby Jon,1,0,0,0,1,0,1,1,-1,-1,0,0,0,0,0,0,0,,
1110,Brandon,1,0,0,0,-1,0,1,1,-1,0,0,0,0,0,0,0,0,,
1111,Amy,0,1,1,0,1,0,1,-1,0,0,0,0,0,0,0,0,0,,
1112,Brian,0,1,1,0,1,0,-1,0,0,0,0,0,0,0,0,0,0,,
1113,Margaret,1,0,0,-1,0,-1,0,0,0,0,0,0,0,0,0,0,0,,
1114,Blake,1,0,0,0,-1,0,0,0,0,0,0,0,0,0,0,0,0,,
1115,Brooke,1,0,0,-1,0,0,0,0,0,0,0,0,0,0,0,0,0,,
1116,Brianna,0,1,-1,0,0,0,0,0,0,0,0,0,0,0,0,0,0,,
1117,Morgan,0,-1,0,0,0,0,0,0,0,0,0,0,0,0,0,0,0,,
1118,Jim,-1,0,0,0,0,0,0,0,0,0,0,0,0,0,0,0,0,,
1200,Boot,Tina,Melinda,Misty,Ruth-Marie,Bobby,Dan,Nick,Austin,Sally,Courtney,Shane,Cirie,Terry,,,,,,
1201,Aras,0,1,0,0,-1,0,1,1,1,1,1,0,0,,,,,,
1202,Danielle,0,1,0,0,1,0,1,1,1,1,1,0,1,,,,,,
1203,Terry,0,0,1,1,0,1,-1,-1,-1,-1,1,0,0,,,,,,
1204,Cirie,1,-1,0,0,1,0,1,1,1,1,1,0,0,,,,,,
1205,Shane,0,1,0,0,-1,0,1,1,1,-1,-1,0,0,,,,,,
1206,Courtney,0,1,0,0,1,0,1,1,1,-1,0,0,0,,,,,,
1207,Bruce,0,0,0,0,-1,0,1,1,1,0,0,0,0,,,,,,
1208,Sally,0,0,-1,1,0,0,-1,-1,-1,0,0,0,0,,,,,,
1209,Austin,0,0,1,1,0,1,-1,-1,0,0,0,0,0,,,,,,
1210,Nick,0,0,1,1,0,1,-1,0,0,0,0,0,0,,,,,,
1211,Dan,0,0,1,-1,0,-1,0,0,0,0,0,0,0,,,,,,
1212,Bobby,0,1,0,0,-1,0,0,0,0,0,0,0,0,,,,,,
1214,Misty,0,0,-1,0,0,0,0,0,0,0,0,0,0,,,,,,
1215,Melinda,1,-1,0,0,0,0,0,0,0,0,0,0,0,,,,,,
1216,Tina,-1,0,0,0,0,0,0,0,0,0,0,0,0,,,,,,
1213,Ruth-Marie,1,0,1,-1,0,0,0,0,0,0,0,0,0,,,,,,
1300,Boot,Sekou,Billy,Cecilia,J.P.,Stephannie,Cao Boi,Cristina,Jessica,Brad,Rebecca,Jenny,Nate,Candice,Jonathan,Parvati,Adam,Sundra,,
1301,Yul,0,0,1,0,0,1,0,1,0,0,0,1,1,1,1,1,0,,
1302,Ozzy,0,1,-1,0,0,1,0,1,0,0,0,1,1,1,1,1,0,,
1303,Becky,0,0,1,0,0,1,0,1,0,0,0,1,1,1,1,1,0,,
1304,Sundra,1,0,-1,0,0,1,0,1,0,0,0,1,1,1,1,1,0,,
1305,Adam,0,0,0,1,1,0,1,0,1,1,1,-1,-1,1,-1,-1,0,,
1306,Parvati,0,0,0,1,1,0,1,0,1,1,1,-1,-1,1,-1,0,0,,
1307,Jonathan,0,0,1,0,0,1,0,1,1,1,1,1,1,-1,0,0,0,,
1308,Candice,0,0,0,0,0,1,0,1,1,1,1,-1,-1,0,0,0,0,,
1309,Nate,-1,0,0,-1,1,0,0,0,1,1,-1,-1,0,0,0,0,0,,
1310,Jenny,0,0,0,1,1,0,1,0,1,1,-1,0,0,0,0,0,0,,
1311,Rebecca,1,0,0,1,1,0,1,0,1,-1,0,0,0,0,0,0,0,,
1312,Brad,0,0,0,1,1,0,-1,0,-1,0,0,0,0,0,0,0,0,,
1313,Jessica,0,0,1,0,0,-1,0,-1,0,0,0,0,0,0,0,0,0,,
1314,Cristina,0,1,0,1,1,0,-1,0,0,0,0,0,0,0,0,0,0,,
1315,Cao Boi,0,0,1,0,0,-1,0,0,0,0,0,0,0,0,0,0,0,,
1316,Stephannie,1,0,0,1,-1,0,0,0,0,0,0,0,0,0,0,0,0,,
1317,J.P.,0,1,0,-1,0,0,0,0,0,0,0,0,0,0,0,0,0,,
1318,Cecilia,0,1,-1,0,0,0,0,0,0,0,0,0,0,0,0,0,0,,
1319,Billy,0,-1,0,0,0,0,0,0,0,0,0,0,0,0,0,0,0,,
1320,Sekou,-1,0,0,0,0,0,0,0,0,0,0,0,0,0,0,0,0,,
1400,Boot,Jessica,Erica,Sylvia,Liliana,Rita,Anthony,Rocky,Lisi,Michelle,Edgardo,Mookie,Alex,Stacy,Boo,Yau-Man,,,,
1401,Earl,1,0,1,0,1,0,0,0,1,1,1,1,1,1,1,,,,
1403,Cassandra,0,0,0,-1,0,0,0,0,1,1,1,1,1,1,1,,,,
1402,Dreamz,0,0,0,1,1,1,1,1,1,1,1,1,1,1,1,,,,
1404,Yau-Man,1,1,1,0,1,0,0,0,1,1,1,1,1,1,-1,,,,
1405,Boo,0,0,0,1,0,0,0,0,1,1,1,1,-1,-1,0,,,,
1406,Stacy,0,0,0,1,0,0,0,1,1,1,1,1,-1,0,0,,,,
1407,Alex,0,0,0,1,1,1,1,1,1,1,1,-1,0,0,0,,,,
1408,Mookie,1,1,-1,0,1,1,1,1,1,-1,-1,0,0,0,0,,,,
1409,Edgardo,0,0,0,1,1,1,1,1,1,-1,0,0,0,0,0,,,,
1410,Michelle,1,1,1,0,-1,0,0,1,-1,0,0,0,0,0,0,,,,
1411,Lisi,0,0,0,1,0,1,1,-1,0,0,0,0,0,0,0,,,,
1412,Rocky,-1,1,-1,0,1,1,-1,0,0,0,0,0,0,0,0,,,,
1413,Anthony,1,-1,1,0,1,-1,0,0,0,0,0,0,0,0,0,,,,
1414,Rita,1,1,-1,0,-1,0,0,0,0,0,0,0,0,0,0,,,,
1415,Liliana,0,0,0,-1,0,0,0,0,0,0,0,0,0,0,0,,,,
1416,Gary,0,0,0,0,0,0,0,0,0,0,0,0,0,0,0,,,,
1417,Sylvia,0,1,-1,0,0,0,0,0,0,0,0,0,0,0,0,,,,
1418,Erica,-1,-1,0,0,0,0,0,0,0,0,0,0,0,0,0,,,,
1419,Jessica,-1,0,0,0,0,0,0,0,0,0,0,0,0,0,0,,,,
1500,Boot,Chicken,Ashley,Leslie,Dave,Aaron,Sherea,Jaime,Jean-Robert,Frosti,James,Erik,Peih-Gee,Denise,,,,,,
1501,Todd,0,0,1,0,0,1,1,1,1,1,1,1,1,,,,,,
1502,Courtney,0,0,-1,0,0,-1,1,1,1,1,1,1,1,,,,,,
1503,Amanda,0,0,1,0,0,1,1,1,1,1,1,1,1,,,,,,
1504,Denise,0,0,1,0,0,1,1,-1,1,1,1,1,-1,,,,,,
1505,Peih-Gee,1,1,0,1,1,0,-1,-1,1,-1,-1,-1,0,,,,,,
1506,Erik,1,1,0,1,1,0,-1,-1,1,1,-1,0,0,,,,,,
1507,James,0,0,1,0,-1,0,1,1,1,-1,0,0,0,,,,,,
1508,Frosti,1,1,0,1,0,1,1,1,-1,0,0,0,0,,,,,,
1510,Jaime,1,1,0,1,1,0,-1,0,0,0,0,0,0,,,,,,
1511,Sherea,1,1,0,1,0,-1,0,0,0,0,0,0,0,,,,,,
1512,Aaron,0,0,1,0,-1,0,0,0,0,0,0,0,0,,,,,,
1513,Dave,-1,1,0,-1,0,0,0,0,0,0,0,0,0,,,,,,
1514,Leslie,0,0,-1,0,0,0,0,0,0,0,0,0,0,,,,,,
1515,Ashley,-1,-1,0,0,0,0,0,0,0,0,0,0,0,,,,,,
1516,Chicken,-1,0,0,0,0,0,0,0,0,0,0,0,0,,,,,,
1509,Jean-Robert,0,0,1,0,0,1,1,-1,0,0,0,0,0,,,,,,
1600,Boot,Jon,Mary,Yau-Man,Mikey B.,Joel,Chet,Tracy,Ami,Eliza,Ozzy,Jason,Alexis,Erik,Natalie,Cirie,,,,
1601,Parvati,1,0,1,0,0,0,1,1,1,1,1,1,1,1,0,,,,
1602,Amanda,1,0,1,0,1,1,1,1,1,1,1,1,1,1,1,,,,
1603,Cirie,1,0,1,0,1,1,1,1,1,1,1,-1,1,1,0,,,,
1604,Natalie,0,1,0,1,0,0,1,1,1,1,1,-1,1,-1,0,,,,
1605,Erik,0,1,0,1,-1,1,1,1,1,1,1,-1,-1,0,0,,,,
1606,Alexis,0,1,0,-1,0,0,1,1,1,1,-1,-1,0,0,0,,,,
1607,James,1,0,1,0,0,0,1,1,1,-1,-1,0,0,0,0,,,,
1608,Jason,0,-1,0,-1,0,0,0,1,1,1,-1,0,0,0,0,,,,
1609,Ozzy,1,0,1,0,1,1,1,1,1,-1,0,0,0,0,0,,,,
1610,Eliza,1,0,1,0,0,0,0,0,-1,0,0,0,0,0,0,,,,
1611,Ami,1,0,-1,0,1,1,1,-1,0,0,0,0,0,0,0,,,,
1612,Tracy,0,1,0,1,1,-1,-1,0,0,0,0,0,0,0,0,,,,
1613,Kathy,0,1,0,1,0,0,0,0,0,0,0,0,0,0,0,,,,
1614,Chet,0,1,0,1,1,-1,0,0,0,0,0,0,0,0,0,,,,
1615,Jonathan,1,0,-1,0,0,0,0,0,0,0,0,0,0,0,0,,,,
1616,Joel,0,-1,0,1,-1,0,0,0,0,0,0,0,0,0,0,,,,
1617,Mikey B.,0,-1,0,-1,0,0,0,0,0,0,0,0,0,0,0,,,,
1618,Yau-Man,1,0,-1,0,0,0,0,0,0,0,0,0,0,0,0,,,,
1619,Mary,0,-1,0,0,0,0,0,0,0,0,0,0,0,0,0,,,,
1620,Jon,-1,0,0,0,0,0,0,0,0,0,0,0,0,0,0,,,,
1700,Boot,Michelle,Gillian,Paloma,Jacquie,G.C.,Kelly,Ace,Dan,Marcus,Charlie,Randy,Corinne,Crystal,Ken,Matty,,,,
1701,Bob,0,0,1,0,0,0,0,1,-1,-1,-1,-1,1,1,0,,,,
1702,Susie,1,1,0,0,0,0,0,1,1,1,1,1,1,1,0,,,,
1703,Sugar,0,0,1,0,1,1,1,0,0,1,1,1,1,1,0,,,,
1704,Matty,1,1,0,1,1,1,-1,0,0,1,1,1,1,1,0,,,,
1705,Ken,1,1,0,1,1,1,1,0,1,1,1,-1,-1,-1,0,,,,
1706,Crystal,1,1,0,1,1,1,1,0,1,1,1,1,-1,0,0,,,,
1707,Corinne,0,0,1,0,0,0,0,1,0,-1,-1,-1,0,0,0,,,,
1708,Randy,1,1,0,0,0,0,0,-1,0,-1,-1,0,0,0,0,,,,
1709,Charlie,0,0,1,0,0,0,0,1,0,-1,0,0,0,0,0,,,,
1710,Marcus,0,0,1,0,0,0,0,-1,-1,0,0,0,0,0,0,,,,
1711,Dan,1,1,0,0,0,0,0,-1,0,0,0,0,0,0,0,,,,
1712,Ace,0,0,1,-1,1,1,-1,0,0,0,0,0,0,0,0,,,,
1713,Kelly,0,0,-1,1,1,-1,0,0,0,0,0,0,0,0,0,,,,
1714,G.C.,1,1,0,1,-1,0,0,0,0,0,0,0,0,0,0,,,,
1715,Jacquie,0,0,1,-1,0,0,0,0,0,0,0,0,0,0,0,,,,
1716,Paloma,0,0,-1,0,0,0,0,0,0,0,0,0,0,0,0,,,,
1717,Gillian,1,-1,0,0,0,0,0,0,0,0,0,0,0,0,0,,,,
1718,Michelle,-1,0,0,0,0,0,0,0,0,0,0,0,0,0,0,,,,
1800,Boot,Carolina,Candace,Jerry,Sandy,Spencer,Sydney,Brendan,Tyson,Sierra,Debbie,Coach,Taj,Erinn,,,,,,
1801,J.T.,1,0,0,1,1,1,1,1,1,1,1,1,1,,,,,,
1802,Stephen,1,0,0,1,1,1,1,1,1,1,1,1,0,,,,,,
1803,Erinn,0,1,1,0,0,0,1,1,1,1,1,1,0,,,,,,
1804,Taj,1,0,0,-1,1,1,1,1,1,1,1,-1,0,,,,,,
1805,Coach,0,1,1,0,0,0,1,1,1,1,-1,0,0,,,,,,
1806,Debbie,0,1,1,0,0,0,1,1,1,-1,0,0,0,,,,,,
1807,Sierra,0,1,1,0,0,0,1,1,-1,0,0,0,0,,,,,,
1808,Tyson,0,1,1,0,0,0,1,-1,0,0,0,0,0,,,,,,
1809,Brendan,0,1,1,0,0,0,-1,0,0,0,0,0,0,,,,,,
1810,Joe,1,0,0,1,1,-1,0,0,0,0,0,0,0,,,,,,
1811,Sydney,1,0,0,1,1,-1,0,0,0,0,0,0,0,,,,,,
1812,Spencer,1,0,0,1,-1,0,0,0,0,0,0,0,0,,,,,,
1813,Sandy,1,0,0,-1,0,0,0,0,0,0,0,0,0,,,,,,
1814,Jerry,0,1,-1,0,0,0,0,0,0,0,0,0,0,,,,,,
1815,Candace,0,-1,0,0,0,0,0,0,0,0,0,0,0,,,,,,
1816,Carolina,-1,0,0,0,0,0,0,0,0,0,0,0,0,,,,,,
1900,Boot,Marisa,Betsy,Ben,Yasmin,Ashley,Liz,Erik,Kelly,Laura,John,Dave,Monica,Shambo,Jaison,Brett,,,,
1901,Natalie,1,1,1,0,1,1,1,1,1,1,1,1,1,1,1,,,,
1903,Mick,-1,1,1,0,1,1,1,1,1,1,1,1,1,1,1,,,,
1904,Brett,0,0,0,1,0,0,1,-1,1,1,1,1,1,1,-1,,,,
1905,Jaison,1,1,1,0,1,1,1,1,1,1,1,1,1,-1,0,,,,
1906,Shambo,0,0,0,-1,0,0,1,1,1,1,1,1,-1,0,0,,,,
1907,Monica,0,0,0,1,0,0,1,-1,1,1,1,-1,0,0,0,,,,
1908,Dave,0,0,0,1,0,0,1,-1,-1,1,-1,0,0,0,0,,,,
1909,John,0,0,0,1,0,0,1,1,1,-1,0,0,0,0,0,,,,
1910,Laura,0,0,0,1,0,0,1,-1,0,0,0,0,0,0,0,,,,
1911,Kelly,0,0,0,1,0,0,1,-1,0,0,0,0,0,0,0,,,,
1912,Erik,0,0,0,1,0,0,-1,0,0,0,0,0,0,0,0,,,,
1913,Liz,1,1,1,0,1,-1,0,0,0,0,0,0,0,0,0,,,,
1915,Ashley,1,1,1,0,-1,0,0,0,0,0,0,0,0,0,0,,,,
1916,Yasmin,0,0,0,-1,0,0,0,0,0,0,0,0,0,0,0,,,,
1917,Ben,1,1,-1,0,0,0,0,0,0,0,0,0,0,0,0,,,,
1918,Betsy,-1,-1,0,0,0,0,0,0,0,0,0,0,0,0,0,,,,
1919,Mike,1,0,0,0,0,0,0,0,0,0,0,0,0,0,0,,,,
1920,Marisa,-1,0,0,0,0,0,0,0,0,0,0,0,0,0,0,,,,
1902,Russell H.,1,1,1,0,1,1,1,1,1,1,1,1,1,1,1,,,,
1914,Russell S.,0,0,0,1,0,0,0,0,0,0,0,0,0,0,0,,,,
2000,Boot,Sugar,Stephenie,Randy,Cirie,Tom,Tyson,James,Rob,Coach,Courtney,J.T.,Amanda,Candice,Danielle,Rupert,Colby,Jerri,,
2001,Sandra,0,0,1,0,0,-1,0,-1,1,1,1,1,1,-1,1,1,1,,
2002,Parvati,0,0,1,0,0,1,0,1,1,1,1,1,-1,-1,1,1,1,,
2003,Russell,0,0,1,0,0,1,0,1,-1,1,1,1,1,1,1,1,1,,
2004,Jerri,0,0,1,0,0,-1,0,1,-1,1,1,1,1,1,1,1,-1,,
2005,Colby,1,-1,0,1,-1,0,1,0,0,0,-1,-1,1,1,-1,-1,0,,
2006,Rupert,1,1,0,-1,1,0,1,0,0,0,-1,-1,1,1,-1,0,0,,
2007,Danielle,0,0,1,0,0,1,0,1,1,1,1,1,-1,-1,0,0,0,,
2008,Candice,1,1,0,-1,1,0,1,0,0,0,-1,1,-1,0,0,0,0,,
2009,Amanda,1,1,0,-1,1,0,1,0,0,0,-1,-1,0,0,0,0,0,,
2010,J.T.,1,1,0,1,1,0,1,0,0,0,-1,0,0,0,0,0,0,,
2011,Courtney,0,0,1,0,0,-1,0,-1,1,-1,0,0,0,0,0,0,0,,
2012,Coach,0,0,1,0,0,-1,0,-1,-1,0,0,0,0,0,0,0,0,,
2013,Rob,0,0,1,0,0,-1,0,-1,0,0,0,0,0,0,0,0,0,,
2014,James,1,1,0,-1,1,0,-1,0,0,0,0,0,0,0,0,0,0,,
2015,Tyson,0,0,1,0,0,-1,0,0,0,0,0,0,0,0,0,0,0,,
2016,Tom,1,-1,0,1,-1,0,0,0,0,0,0,0,0,0,0,0,0,,
2017,Cirie,1,1,0,-1,0,0,0,0,0,0,0,0,0,0,0,0,0,,
2018,Randy,0,0,-1,0,0,0,0,0,0,0,0,0,0,0,0,0,0,,
2019,Stephenie,1,-1,0,0,0,0,0,0,0,0,0,0,0,0,0,0,0,,
2020,Sugar,-1,0,0,0,0,0,0,0,0,0,0,0,0,0,0,0,0,,
2100,Boot,Wendy,Shannon,Jimmy J.,Jimmy T.,Tyrone,Kelly B.,Yve,Jill,Alina,Marty,Brenda,Benry,Jane,Dan,Holly,,,,
2101,Fabio,0,-1,0,0,0,1,0,1,1,-1,1,1,1,1,1,,,,
2102,Chase,0,1,0,0,1,0,1,0,1,1,1,1,1,1,1,,,,
2103,Sash,0,1,0,0,0,1,0,1,1,1,1,1,1,1,1,,,,
2104,Holly,1,0,1,-1,1,0,1,0,1,1,1,1,1,1,-1,,,,
2105,Dan,1,0,1,1,1,0,1,0,1,-1,1,-1,1,-1,0,,,,
2106,Jane,1,0,1,-1,0,-1,0,1,-1,1,1,1,-1,0,0,,,,
2107,Benry,0,1,0,0,1,0,1,0,1,-1,1,-1,0,0,0,,,,
2109,NaOnka,0,1,0,0,1,0,1,0,1,1,1,0,0,0,0,,,,
2110,Brenda,0,1,0,0,0,1,0,1,1,1,-1,0,0,0,0,,,,
2111,Marty,1,0,1,1,0,0,0,-1,1,-1,0,0,0,0,0,,,,
2112,Alina,0,-1,0,0,1,0,1,0,-1,0,0,0,0,0,0,,,,
2113,Jill,1,0,1,1,0,1,0,-1,0,0,0,0,0,0,0,,,,
2114,Yve,1,0,1,1,-1,0,-1,0,0,0,0,0,0,0,0,,,,
2116,Tyrone,1,0,1,1,-1,0,0,0,0,0,0,0,0,0,0,,,,
2117,Jimmy T.,1,0,1,-1,0,0,0,0,0,0,0,0,0,0,0,,,,
2118,Jimmy J.,1,0,-1,0,0,0,0,0,0,0,0,0,0,0,0,,,,
2119,Shannon,0,-1,0,0,0,0,0,0,0,0,0,0,0,0,0,,,,
2120,Wendy,-1,0,0,0,0,0,0,0,0,0,0,0,0,0,0,,,,
2108,Kelly S.,0,1,0,0,0,1,0,1,1,1,-1,0,0,0,0,,,,
2115,Kelly B.,0,1,0,0,0,0,0,0,0,0,0,0,0,0,0,,,,
2200,Boot,Francesca,Matt,Russell,Kristina,Krista,Stephanie,Sarita,Matt,Mike,David,Julie,Ralph,Steve,Andrea,Grant,Andrea,Ashley,,
2201,Rob,1,1,0,-1,0,0,0,1,1,1,1,1,1,1,1,1,1,,
2202,Phillip,1,1,0,1,0,0,0,1,1,1,1,1,1,1,1,1,1,,
2203,Natalie,1,1,0,1,0,0,0,1,1,1,1,1,1,1,1,1,1,,
2204,Ashley,1,1,0,1,0,0,0,1,1,1,1,1,1,1,1,1,-1,,
2205,Andrea,1,1,0,1,0,0,0,1,1,1,1,1,1,-1,0,0,0,,
2208,Grant,1,1,0,-1,0,0,0,1,1,1,1,1,1,1,-1,0,0,,
2210,Steve,0,0,1,0,1,1,1,-1,-1,-1,-1,-1,-1,0,0,0,0,,
2209,Ralph,0,0,0,0,1,1,-1,-1,-1,-1,-1,-1,0,0,0,0,0,,
2211,Julie,0,0,1,0,1,1,1,-1,-1,-1,-1,0,0,0,0,0,0,,
2212,David,0,0,1,0,1,-1,1,-1,-1,-1,0,0,0,0,0,0,0,,
2206,Mike,0,0,1,0,1,1,1,-1,-1,0,0,0,0,0,0,0,0,,
2207,Matt,1,-1,0,0,0,0,0,0,0,0,0,0,0,0,0,0,0,,
2213,Sarita,0,0,1,0,1,1,-1,0,0,0,0,0,0,0,0,0,0,,
2214,Stephanie,0,0,0,0,-1,-1,0,0,0,0,0,0,0,0,0,0,0,,
2215,Krista,0,0,-1,0,-1,0,0,0,0,0,0,0,0,0,0,0,0,,
2216,Kristina,-1,-1,0,-1,0,0,0,0,0,0,0,0,0,0,0,0,0,,
2217,Russell,0,0,0,0,0,0,0,0,0,0,0,0,0,0,0,0,0,,
2218,Francesca,-1,0,0,0,0,0,0,0,0,0,0,0,0,0,0,0,0,,
2300,Boot,Semhar,Christine,Mark,Stacey,Elyse,Mikayla,Ozzy,Keith,Ozzy,Jim,Dawn,Whitney,Cochran,Edna,Brandon,Rick,Ozzy,,
2301,Sophie,0,1,0,1,0,-1,0,1,1,1,1,1,1,1,1,1,1,,
2302,Coach,0,1,0,1,0,1,0,1,1,1,1,1,1,1,1,1,1,,
2303,Albert,0,1,0,1,0,-1,0,1,1,1,1,1,1,1,-1,1,1,,
2304,Ozzy,1,0,1,0,-1,0,-1,-1,-1,0,0,0,0,0,0,0,0,,
2305,Rick,0,1,0,1,0,1,0,0,1,1,1,1,1,1,1,-1,0,,
2306,Brandon,0,1,0,1,0,1,0,1,1,1,1,1,1,1,-1,0,0,,
2307,Edna,0,1,0,1,0,1,0,1,1,1,1,1,-1,-1,0,0,0,,
2308,Cochran,1,0,1,0,1,0,1,1,1,1,1,1,-1,0,0,0,0,,
2309,Whitney,1,0,1,0,-1,0,1,-1,1,-1,-1,-1,0,0,0,0,0,,
2310,Dawn,1,0,1,0,1,0,1,-1,1,-1,-1,0,0,0,0,0,0,,
2312,Jim,1,0,-1,0,1,0,1,-1,-1,-1,0,0,0,0,0,0,0,,
2311,Keith,1,0,1,0,-1,0,1,0,0,0,0,0,0,0,0,0,0,,
2314,Mikayla,0,1,0,1,0,-1,0,0,0,0,0,0,0,0,0,0,0,,
2315,Elyse,1,0,1,0,-1,0,0,0,0,0,0,0,0,0,0,0,0,,
2316,Stacey,0,-1,0,-1,0,0,0,0,0,0,0,0,0,0,0,0,0,,
2317,Mark,1,0,-1,0,0,0,0,0,0,0,0,0,0,0,0,0,0,,
2313,Christine,0,-1,0,0,0,0,0,0,0,0,0,0,0,0,0,0,0,,
2318,Semhar,-1,0,0,0,0,0,0,0,0,0,0,0,0,0,0,0,0,,
2400,Boot,Nina,Matt,Bill,Monica,Jonas,Michael,Jay,Leif,Troyzan,Kat,Tarzan,Alicia,Christina,,,,,,
2401,Kim,1,0,0,1,1,1,1,1,1,1,1,1,1,,,,,,
2402,Sabrina,1,0,0,1,1,1,1,1,1,1,1,1,1,,,,,,
2403,Chelsea,1,0,0,1,1,1,1,1,1,1,1,1,1,,,,,,
2404,Christina,1,0,0,1,1,1,1,1,1,1,1,-1,-1,,,,,,
2405,Alicia,1,0,1,1,1,1,1,1,1,1,1,-1,0,,,,,,
2406,Tarzan,0,1,1,1,1,1,1,1,-1,1,-1,0,0,,,,,,
2407,Kat,1,0,0,1,1,1,1,1,1,-1,0,0,0,,,,,,
2408,Troyzan,0,1,1,1,1,1,1,-1,-1,0,0,0,0,,,,,,
2409,Leif,0,1,1,1,1,1,-1,-1,0,0,0,0,0,,,,,,
2410,Jay,0,1,1,1,1,1,-1,0,0,0,0,0,0,,,,,,
2411,Michael,0,1,1,1,1,-1,0,0,0,0,0,0,0,,,,,,
2412,Jonas,0,1,1,1,-1,0,0,0,0,0,0,0,0,,,,,,
2413,Colton,0,1,1,1,0,0,0,0,0,0,0,0,0,,,,,,
2414,Monica,-1,0,0,-1,0,0,0,0,0,0,0,0,0,,,,,,
2415,Bill,0,1,-1,0,0,0,0,0,0,0,0,0,0,,,,,,
2416,Matt,0,-1,0,0,0,0,0,0,0,0,0,0,0,,,,,,
2417,Nina,-1,0,0,0,0,0,0,0,0,0,0,0,0,,,,,,
2418,Kourtney,0,0,0,0,0,0,0,0,0,0,0,0,0,,,,,,
2500,Boot,Zane,Roxy,Angie,Russell,Dawson,Katie,RC,Jeff,Artis,Pete,Jonathan,Carter,Abi-Maria,Malcolm,,,,,
2501,Denise,1,1,1,1,1,1,1,1,1,1,1,1,1,1,,,,,
2503,Lisa,0,0,0,0,0,1,1,1,1,1,1,1,1,1,,,,,
2502,Michael,0,0,0,0,0,1,1,1,1,1,1,1,1,1,,,,,
2504,Malcolm,1,1,1,1,0,1,1,1,1,1,1,1,1,-1,,,,,
2506,Carter,0,0,0,0,1,1,1,1,1,1,-1,-1,0,0,,,,,
2507,Jonathan,0,0,0,0,1,1,-1,1,1,1,-1,0,0,0,,,,,
2508,Pete,0,0,0,0,0,1,1,1,-1,-1,0,0,0,0,,,,,
2509,Artis,0,0,0,0,0,1,1,1,-1,0,0,0,0,0,,,,,
2510,Jeff,0,0,0,0,1,1,1,-1,0,0,0,0,0,0,,,,,
2511,RC,0,0,0,0,0,1,-1,0,0,0,0,0,0,0,,,,,
2512,Katie,0,0,0,0,1,-1,0,0,0,0,0,0,0,0,,,,,
2513,Dawson,0,0,0,0,-1,0,0,0,0,0,0,0,0,0,,,,,
2514,Dana,0,0,0,0,0,0,0,0,0,0,0,0,0,0,,,,,
2515,Russell,1,1,1,-1,0,0,0,0,0,0,0,0,0,0,,,,,
2516,Angie,1,1,-1,0,0,0,0,0,0,0,0,0,0,0,,,,,
2517,Roxy,1,-1,0,0,0,0,0,0,0,0,0,0,0,0,,,,,
2518,Zane,-1,0,0,0,0,0,0,0,0,0,0,0,0,0,,,,,
2505,Abi-Maria,0,0,0,0,0,1,1,1,-1,1,1,1,-1,0,,,,,
2600,Boot,Francesca,Allie,Hope,Laura,Brandon,Matt,Julia,Corinne,Michael,Phillip,Malcolm,Reynold,Andrea,Brenda,Eddie,,,,
2601,Cochran,1,0,0,0,1,1,1,1,1,1,1,1,1,1,1,,,,
2603,Dawn,1,0,0,0,1,1,1,1,1,1,1,1,1,1,1,,,,
2602,Sherri,0,1,1,1,0,0,1,1,1,1,1,1,1,1,1,,,,
2604,Eddie,0,-1,0,1,0,0,1,-1,1,1,1,1,-1,-1,-1,,,,
2605,Erik,-1,0,0,0,1,0,1,1,1,1,1,1,1,-1,0,,,,
2606,Brenda,-1,0,0,0,1,0,1,1,1,1,1,1,1,-1,0,,,,
2607,Andrea,1,0,0,0,1,0,1,1,1,1,1,1,-1,0,0,,,,
2608,Reynold,0,-1,-1,1,0,0,1,-1,1,1,0,-1,0,0,0,,,,
2609,Malcolm,1,0,0,0,1,0,1,-1,1,1,0,0,0,0,0,,,,
2610,Phillip,1,0,0,0,1,1,1,1,1,-1,0,0,0,0,0,,,,
2611,Michael,0,1,1,1,0,1,1,-1,-1,0,0,0,0,0,0,,,,
2612,Corinne,1,0,0,0,1,1,1,-1,0,0,0,0,0,0,0,,,,
2613,Julia,0,1,1,1,0,1,0,0,0,0,0,0,0,0,0,,,,
2614,Matt,0,1,1,1,0,-1,0,0,0,0,0,0,0,0,0,,,,
2615,Brandon,-1,0,0,0,-1,0,0,0,0,0,0,0,0,0,0,,,,
2616,Laura,0,1,1,-1,0,0,0,0,0,0,0,0,0,0,0,,,,
2617,Shamar,0,1,0,0,0,0,0,0,0,0,0,0,0,0,0,,,,
2618,Hope,0,-1,0,0,0,0,0,0,0,0,0,0,0,0,0,,,,
2619,Allie,0,-1,0,0,0,0,0,0,0,0,0,0,0,0,0,,,,
2620,Francesca,-1,0,0,0,0,0,0,0,0,0,0,0,0,0,0,,,,
2700,Boot,Laura B.,Candice,Rupert,Marissa,Rachel,John,Brad,Laura M.,Kat,Laura B.,Aras,Vytas,Tina,Laura M.,Caleb,Katie,Hayden,Ciera,Tina
2701,Tyson,0,-1,0,0,0,0,0,1,1,1,1,1,1,1,1,0,1,1,1
2702,Monica,0,1,0,0,0,0,1,1,1,1,1,1,1,1,1,0,1,1,1
2703,Gervase,0,1,0,0,0,0,0,1,1,1,1,1,1,1,1,0,1,1,1
2704,Tina,0,1,0,0,0,0,1,1,1,1,-1,1,-1,0,0,0,0,0,0
2705,Ciera,1,0,0,1,1,1,0,0,1,0,1,-1,1,1,1,0,-1,-1,0
2707,Hayden,1,0,0,1,1,1,-1,0,1,1,1,1,1,1,-1,0,-1,0,0
2708,Katie,-1,0,0,1,1,1,1,0,1,1,-1,1,1,1,1,0,0,0,0
2709,Caleb,1,0,0,1,1,1,1,0,1,1,1,1,1,1,-1,0,0,0,0
2706,Laura M.,0,1,0,0,0,0,0,-1,0,0,0,0,0,0,0,0,0,0,0
2710,Vytas,1,0,0,1,1,1,1,0,1,1,-1,-1,0,0,0,0,0,0,0
2711,Aras,0,-1,0,0,0,0,0,1,0,0,-1,0,0,0,0,0,0,0,0
2712,Laura B.,-1,0,0,0,0,0,0,0,0,0,0,0,0,0,0,0,0,0,0
2714,Kat,0,1,0,0,0,0,0,1,-1,0,0,0,0,0,0,0,0,0,0
2715,Brad,1,0,0,1,1,1,0,0,0,0,0,0,0,0,0,0,0,0,0
2713,John,1,0,0,1,1,-1,0,0,0,0,0,0,0,0,0,0,0,0,0
2719,Colton,0,1,0,0,0,0,0,0,0,0,0,0,0,0,0,0,0,0,0
2718,Rachel,0,0,0,1,-1,0,0,0,0,0,0,0,0,0,0,0,0,0,0
2717,Marissa,-1,0,0,-1,0,0,0,0,0,0,0,0,0,0,0,0,0,0,0
2716,Candice,0,-1,0,0,0,0,0,0,0,0,0,0,0,0,0,0,0,0,0
2720,Rupert,0,-1,0,0,0,0,0,0,0,0,0,0,0,0,0,0,0,0,0
2800,Boot,David,Garrett,Brice,J'Tia,Cliff,Alexis,Sarah,Morgan,LJ,Jeremiah,Jefra,Tasha,Trish,Spencer,Kass,,,,
2801,Tony,0,0,0,0,1,1,1,1,1,1,1,1,1,1,0,,,,
2802,Woo,0,0,0,0,-1,1,1,1,1,1,1,1,1,1,1,,,,
2803,Kass,-1,1,0,1,0,1,1,1,1,1,1,1,1,1,0,,,,
2804,Spencer,1,-1,0,1,0,1,-1,1,1,1,1,1,1,-1,0,,,,
2805,Trish,0,0,0,0,1,1,1,1,1,1,1,1,-1,0,0,,,,
2806,Tasha,1,1,0,1,0,1,-1,1,1,1,1,-1,0,0,0,,,,
2807,Jefra,0,0,1,0,1,1,1,1,1,1,-1,0,0,0,0,,,,
2808,Jeremiah,0,0,1,0,0,1,-1,1,1,-1,0,0,0,0,0,,,,
2809,LJ,0,0,1,0,1,1,1,1,-1,0,0,0,0,0,0,,,,
2810,Morgan,0,0,0,0,0,1,-1,-1,0,0,0,0,0,0,0,,,,
2811,Sarah,0,0,0,0,0,1,-1,0,0,0,0,0,0,0,0,,,,
2812,Alexis,0,0,0,0,0,-1,0,0,0,0,0,0,0,0,0,,,,
2813,Lindsey,0,0,0,0,-1,0,0,0,0,0,0,0,0,0,0,,,,
2814,Cliff,0,0,0,0,-1,0,0,0,0,0,0,0,0,0,0,,,,
2815,J'Tia,1,1,0,-1,0,0,0,0,0,0,0,0,0,0,0,,,,
2816,Brice,0,0,0,0,0,0,0,0,0,0,0,0,0,0,0,,,,
2817,Garrett,1,-1,0,0,0,0,0,0,0,0,0,0,0,0,0,,,,
2818,David,-1,0,0,0,0,0,0,0,0,0,0,0,0,0,0,,,,
2900,Boot,Nadiya,Val,John,Drew,Kelley,Dale,Josh,Jeremy,Wes,Reed,Alec,Jon,Baylor,Keith,,,,,
2901,Natalie,0,0,0,1,0,0,1,1,1,1,1,1,1,1,,,,,
2902,Jaclyn,-1,-1,1,0,1,1,1,1,1,1,-1,1,1,1,,,,,
2903,Missy,0,0,0,1,1,-1,1,1,1,1,1,1,1,1,,,,,
2904,Keith,0,0,0,-1,1,1,-1,1,1,1,1,1,-1,-1,,,,,
2905,Baylor,1,0,1,0,1,-1,1,1,1,1,1,1,-1,0,,,,,
2906,Jon,0,0,0,-1,1,1,1,1,1,1,-1,0,0,0,,,,,
2907,Alec,1,1,1,0,0,0,-1,1,1,1,-1,0,0,0,,,,,
2908,Reed,0,0,0,-1,0,0,1,1,-1,-1,0,0,0,0,,,,,
2909,Wes,1,1,1,0,0,0,-1,1,-1,0,0,0,0,0,,,,,
2910,Jeremy,0,0,0,1,0,0,1,-1,0,0,0,0,0,0,,,,,
2911,Josh,-1,1,1,0,0,0,-1,0,0,0,0,0,0,0,,,,,
2912,Julie,0,0,0,1,0,0,0,0,0,0,0,0,0,0,,,,,
2913,Dale,1,1,-1,0,-1,-1,0,0,0,0,0,0,0,0,,,,,
2914,Kelley,0,0,0,1,-1,0,0,0,0,0,0,0,0,0,,,,,
2915,Drew,0,0,0,-1,0,0,0,0,0,0,0,0,0,0,,,,,
2916,John,1,1,-1,0,0,0,0,0,0,0,0,0,0,0,,,,,
2917,Val,-1,0,0,0,0,0,0,0,0,0,0,0,0,0,,,,,
2918,Nadiya,-1,0,0,0,0,0,0,0,0,0,0,0,0,0,,,,,
3000,Boot,So,Vince,Nina,Lindsey,Max,Joaquin,Kelly,Hali,Joe,Jenn,Shirin,Tyler,Dan,Sierra,Rodney,Will,,,
3001,Mike,0,0,0,1,0,1,-1,1,1,1,-1,1,1,1,0,0,,,
3003,Carolyn,1,0,0,0,1,0,-1,1,-1,1,1,1,1,1,0,0,,,
3002,Will,0,1,1,0,1,0,-1,1,-1,1,-1,-1,-1,1,0,0,,,
3004,Rodney,0,0,0,0,0,-1,-1,1,1,-1,1,-1,-1,1,0,1,,,
3005,Sierra,0,0,0,0,0,1,-1,1,1,-1,1,1,-1,-1,0,0,,,
3006,Dan,0,0,0,1,0,1,-1,1,1,-1,1,-1,-1,0,0,0,,,
3007,Tyler,1,0,0,0,0,-1,-1,1,-1,1,-1,-1,0,0,0,0,,,
3008,Shirin,1,0,0,0,-1,0,1,-1,1,1,-1,0,0,0,0,0,,,
3009,Jenn,0,1,1,0,1,0,1,-1,-1,-1,0,0,0,0,0,0,,,
3010,Joe,0,-1,1,0,0,1,1,-1,-1,0,0,0,0,0,0,0,,,
3011,Hali,0,1,-1,0,1,0,1,-1,0,0,0,0,0,0,0,0,,,
3012,Kelly,0,0,0,1,1,0,-1,0,0,0,0,0,0,0,0,0,,,
3013,Joaquin,-1,0,0,0,0,-1,0,0,0,0,0,0,0,0,0,0,,,
3014,Max,1,0,0,0,-1,0,0,0,0,0,0,0,0,0,0,0,,,
3015,Lindsey,0,0,0,0,0,0,0,0,0,0,0,0,0,0,0,0,,,
3016,Nina,0,-1,-1,0,0,0,0,0,0,0,0,0,0,0,0,0,,,
3017,Vince,0,-1,0,0,0,0,0,0,0,0,0,0,0,0,0,0,,,
3018,So,-1,0,0,0,0,0,0,0,0,0,0,0,0,0,0,0,,,
3100,Boot,Vytas,Shirin,Peih-Gee,Jeff,Monica,Woo,Kass,Andrew,Kelly,Ciera,Stephen,Joe,Abi-Maria,Kimmi,Keith,Kelley,,,
3101,Jeremy,0,0,0,0,1,1,1,1,1,1,1,1,1,0,1,1,,,
3103,Spencer,1,1,0,0,-1,1,1,1,1,-1,1,1,1,0,1,1,,,
3102,Tasha,0,0,1,1,0,1,1,-1,1,1,1,1,1,0,1,1,,,
3104,Kelley,1,-1,0,0,0,1,1,1,1,-1,1,1,1,0,-1,-1,,,
3105,Keith,0,0,0,0,0,1,1,-1,1,-1,1,1,1,0,-1,0,,,
3106,Kimmi,0,0,0,0,1,1,1,-1,1,1,1,1,1,0,0,0,,,
3108,Joe,0,0,0,0,0,1,1,-1,1,-1,0,-1,0,0,0,0,,,
3109,Stephen,0,0,0,0,1,1,1,1,1,1,-1,0,0,0,0,0,,,
3110,Ciera,0,0,0,0,0,1,1,1,1,-1,0,0,0,0,0,0,,,
3111,Kelly,-1,1,0,0,-1,1,1,-1,-1,0,0,0,0,0,0,0,,,
3112,Andrew,0,0,1,1,0,1,1,-1,0,0,0,0,0,0,0,0,,,
3113,Kass,0,0,0,0,0,1,-1,0,0,0,0,0,0,0,0,0,,,
3114,Woo,-1,1,-1,1,0,-1,0,0,0,0,0,0,0,0,0,0,,,
3115,Terry,-1,-1,0,0,0,0,0,0,0,0,0,0,0,0,0,0,,,
3116,Monica,0,0,0,0,-1,0,0,0,0,0,0,0,0,0,0,0,,,
3117,Jeff,1,1,1,-1,0,0,0,0,0,0,0,0,0,0,0,0,,,
3119,Shirin,1,-1,0,0,0,0,0,0,0,0,0,0,0,0,0,0,,,
3120,Vytas,-1,0,0,0,0,0,0,0,0,0,0,0,0,0,0,0,,,
3107,Abi-Maria,1,-1,1,1,0,1,1,1,1,-1,1,1,-1,0,0,0,,,
3118,Peih-Gee,1,1,-1,0,0,0,0,0,0,0,0,0,0,0,0,0,,,
3200,Boot,Darnell,Jennifer,Liz,Alecia,Anna,Peter,Nick,Debbie,Scot,Julia,Jason,Cydney,,,,,,,
3201,Michele,0,0,0,0,0,1,1,1,1,1,1,0,,,,,,,
3202,Aubry,0,0,0,1,1,1,1,1,1,1,1,0,,,,,,,
3203,Tai,0,0,0,1,1,1,1,1,1,1,-1,0,,,,,,,
3204,Cydney,1,1,0,1,0,1,1,1,1,1,1,0,,,,,,,
3205,Joe,0,0,1,1,1,1,1,1,1,1,1,0,,,,,,,
3206,Jason,1,1,0,1,0,1,1,1,-1,-1,-1,0,,,,,,,
3207,Julia,0,0,0,0,1,1,1,1,-1,-1,0,0,,,,,,,
3208,Scot,1,-1,0,1,1,1,1,-1,-1,0,0,0,,,,,,,
3209,Debbie,0,0,1,0,0,1,1,-1,0,0,0,0,,,,,,,
3210,Nick,0,0,0,0,0,0,-1,0,0,0,0,0,,,,,,,
3211,Neal,0,0,1,0,0,0,0,0,0,0,0,0,,,,,,,
3212,Peter,0,0,0,1,1,-1,0,0,0,0,0,0,,,,,,,
3213,Anna,0,0,0,0,-1,0,0,0,0,0,0,0,,,,,,,
3214,Alecia,0,1,0,-1,0,0,0,0,0,0,0,0,,,,,,,
3215,Caleb,0,0,0,0,0,0,0,0,0,0,0,0,,,,,,,
3216,Liz,0,0,0,0,0,0,0,0,0,0,0,0,,,,,,,
3217,Jennifer,1,-1,0,0,0,0,0,0,0,0,0,0,,,,,,,
3218,Darnell,0,0,0,0,0,0,0,0,0,0,0,0,,,,,,,
3300,Boot,Rachel,Mari,Paul,Lucy,CeCe,Figgy,Michaela,Michelle,Taylor,Chris,Jessica,Zeke,Will,Sunday,Jay,Bret,David,,
3301,Adam,0,-1,0,0,0,1,0,1,1,1,0,1,1,1,1,1,1,,
3303,Hannah,0,1,0,0,0,0,-1,1,-1,1,0,1,1,1,1,1,1,,
3302,Ken,1,0,1,-1,0,1,0,1,1,1,0,1,1,1,1,1,1,,
3304,David,1,0,1,1,1,0,0,1,1,1,0,1,1,1,1,1,-1,,
3305,Bret,1,0,-1,-1,0,0,1,1,-1,-1,0,1,1,1,1,-1,0,,
3306,Jay,0,1,0,0,0,0,1,-1,1,-1,0,1,1,-1,-1,0,0,,
3307,Sunday,-1,0,1,-1,0,0,1,1,1,-1,0,1,1,-1,0,0,0,,
3308,Will,0,1,0,0,0,0,1,-1,-1,1,0,1,-1,0,0,0,0,,
3309,Zeke,0,-1,0,0,1,0,0,1,1,1,0,-1,0,0,0,0,0,,
3310,Jessica,-1,0,1,-1,0,1,0,1,-1,1,0,0,0,0,0,0,0,,
3311,Chris,1,0,-1,-1,1,0,0,1,1,-1,0,0,0,0,0,0,0,,
3312,Taylor,0,1,0,0,0,-1,0,-1,-1,0,0,0,0,0,0,0,0,,
3313,Michelle,0,1,0,0,1,0,0,-1,0,0,0,0,0,0,0,0,0,,
3314,Michaela,0,1,0,0,0,0,-1,0,0,0,0,0,0,0,0,0,0,,
3315,Figgy,0,1,0,0,0,-1,0,0,0,0,0,0,0,0,0,0,0,,
3316,CeCe,-1,0,1,1,-1,0,0,0,0,0,0,0,0,0,0,0,0,,
3317,Lucy,-1,0,1,-1,0,0,0,0,0,0,0,0,0,0,0,0,0,,
3318,Paul,1,0,-1,0,0,0,0,0,0,0,0,0,0,0,0,0,0,,
3319,Mari,0,-1,0,0,0,0,0,0,0,0,0,0,0,0,0,0,0,,
3320,Rachel,-1,0,0,0,0,0,0,0,0,0,0,0,0,0,0,0,0,,
3400,Boot,Ciera,Tony,Caleb,Malcolm,J.T.,Sandra,Jeff,Hali,Ozzy,Debbie,Zeke,Sierra,Andrea,Michaela,Cirie,Aubry,Tai,,
3401,Sarah,0,0,0,0,0,1,1,1,1,1,1,1,1,1,-1,1,1,,
3402,Brad,0,0,1,1,0,0,0,1,1,-1,1,-1,1,1,-1,1,1,,
3403,Troyzan,1,1,0,0,0,0,0,1,1,-1,1,-1,1,1,-1,1,1,,
3404,Tai,0,0,1,1,0,1,1,1,1,-1,-1,1,1,0,-1,1,-1,,
3405,Aubry,1,1,0,-1,-1,0,0,1,-1,1,1,1,-1,-1,-1,-1,0,,
3406,Cirie,0,0,0,0,0,0,0,1,-1,1,1,1,1,-1,-1,0,0,,
3407,Michaela,1,1,0,-1,1,0,0,-1,-1,1,1,1,1,-1,0,0,0,,
3408,Andrea,0,0,0,0,0,1,1,1,-1,1,1,1,-1,0,0,0,0,,
3409,Sierra,0,0,1,1,0,0,0,1,1,-1,1,-1,0,0,0,0,0,,
3410,Zeke,0,0,0,0,0,1,1,1,-1,1,-1,0,0,0,0,0,0,,
3411,Debbie,0,0,1,1,0,0,1,1,1,-1,0,0,0,0,0,0,0,,
3412,Ozzy,0,0,0,0,0,1,1,1,-1,0,0,0,0,0,0,0,0,,
3413,Hali,1,1,1,1,0,0,0,-1,0,0,0,0,0,0,0,0,0,,
3414,Jeff,1,1,0,-1,1,-1,0,0,0,0,0,0,0,0,0,0,0,,
3415,Sandra,1,-1,0,-1,1,-1,0,0,0,0,0,0,0,0,0,0,0,,
3416,J.T.,0,0,0,-1,-1,0,0,0,0,0,0,0,0,0,0,0,0,,
3417,Malcolm,1,1,0,-1,0,0,0,0,0,0,0,0,0,0,0,0,0,,
3418,Caleb,1,1,-1,0,0,0,0,0,0,0,0,0,0,0,0,0,0,,
3419,Tony,1,-1,0,0,0,0,0,0,0,0,0,0,0,0,0,0,0,,
3420,Ciera,-1,0,0,0,0,0,0,0,0,0,0,0,0,0,0,0,0,,
3500,Boot,Katrina,Simone,Patrick,Alan,Roark,Ali,Jessica,Desi,Cole,JP,Joe,Lauren,Ashley,Mike,Devon,Ryan,,,
3501,Ben,1,0,0,0,0,0,1,1,1,-1,1,1,1,-1,0,0,,,
3502,Chrissy,1,0,0,0,1,1,1,1,-1,-1,-1,-1,1,1,0,0,,,
3503,Ryan,0,1,1,0,1,1,1,1,1,-1,-1,-1,1,1,0,0,,,
3504,Devon,0,1,1,0,0,0,1,1,1,1,1,-1,1,0,0,1,,,
3505,Mike,0,0,0,0,0,0,-1,-1,1,1,-1,-1,1,0,0,0,,,
3506,Ashley,1,0,0,-1,0,0,1,1,1,1,1,-1,-1,0,0,0,,,
3507,Lauren,0,1,1,0,0,0,1,0,1,1,1,-1,0,0,0,0,,,
3508,Joe,0,0,0,1,0,0,-1,0,1,1,-1,0,0,0,0,0,,,
3509,JP,1,0,0,0,1,1,1,1,-1,-1,0,0,0,0,0,0,,,
3510,Cole,0,0,0,0,0,0,-1,1,-1,0,0,0,0,0,0,0,,,
3511,Desi,0,0,0,1,0,0,-1,0,0,0,0,0,0,0,0,0,,,
3512,Jessica,0,0,0,0,0,0,-1,0,0,0,0,0,0,0,0,0,,,
3513,Ali,0,1,1,0,-1,-1,0,0,0,0,0,0,0,0,0,0,,,
3514,Roark,0,0,0,0,-1,0,0,0,0,0,0,0,0,0,0,0,,,
3515,Alan,1,0,0,-1,0,0,0,0,0,0,0,0,0,0,0,0,,,
3516,Patrick,0,1,-1,0,0,0,0,0,0,0,0,0,0,0,0,0,,,
3517,Simone,0,-1,0,0,0,0,0,0,0,0,0,0,0,0,0,0,,,
3518,Katrina,-1,0,0,0,0,0,0,0,0,0,0,0,0,0,0,0,,,
3600,Boot,Gonzalez,Jacob,Morgan,Brendan,Stephanie,James,Bradley,Chris,Libby,Desiree,Jenna,Michael,Chelsea,Kellyn,Sebastian,Donathan,Angela,,
3601,Wendell,0,0,-1,0,0,0,0,1,-1,1,0,1,1,1,1,1,0,,
3602,Domenick,0,0,-1,0,0,0,1,1,-1,1,0,1,1,1,1,1,0,,
3603,Laurel,1,1,1,0,0,0,0,1,1,1,0,0,1,1,1,1,0,,
3604,Angela,0,0,-1,0,0,1,0,-1,-1,0,1,0,-1,1,1,1,0,,
3605,Donathan,1,0,1,0,0,0,1,1,-1,1,-1,0,1,0,-1,-1,0,,
3606,Sebastian,0,0,0,1,1,0,0,1,-1,1,1,0,1,-1,-1,0,0,,
3607,Kellyn,0,0,0,1,1,1,0,1,1,1,0,1,-1,0,0,0,0,,
3608,Chelsea,0,0,0,1,1,0,1,1,1,-1,1,0,-1,0,0,0,0,,
3609,Michael,1,-1,0,-1,1,1,0,1,-1,1,0,0,0,0,0,0,0,,
3610,Jenna,1,1,0,-1,1,0,0,1,-1,1,-1,0,0,0,0,0,0,,
3611,Desiree,0,0,0,1,1,1,0,-1,1,-1,0,0,0,0,0,0,0,,
3612,Libby,1,-1,1,0,0,0,1,1,-1,0,0,0,0,0,0,0,0,,
3613,Chris,0,0,0,0,0,0,0,0,0,0,0,0,0,0,0,0,0,,
3614,Bradley,0,0,0,1,1,0,-1,0,0,0,0,0,0,0,0,0,0,,
3615,James,1,1,1,0,0,-1,0,0,0,0,0,0,0,0,0,0,0,,
3616,Stephanie,1,1,0,-1,-1,0,0,0,0,0,0,0,0,0,0,0,0,,
3617,Brendan,1,1,0,-1,0,0,0,0,0,0,0,0,0,0,0,0,0,,
3618,Morgan,0,0,-1,0,0,0,0,0,0,0,0,0,0,0,0,0,0,,
3619,Jacob,0,-1,0,0,0,0,0,0,0,0,0,0,0,0,0,0,0,,
3620,Gonzalez,-1,0,0,0,0,0,0,0,0,0,0,0,0,0,0,0,0,,
3700,Boot,Jessica,Jeremy,Natalia,Natalie,Lyrsa,Elizabeth,John,Dan,Alec,Carl,Gabby,Christian,Davie,Alison,Kara,,,,
3701,Nick,1,0,0,1,1,1,1,1,1,1,-1,1,-1,1,0,,,,
3702,Mike,0,1,0,1,1,1,1,1,1,1,1,1,1,1,0,,,,
3703,Angelina,0,1,0,1,1,1,1,1,1,1,1,1,1,1,0,,,,
3704,Kara,0,1,-1,1,1,1,1,1,1,1,1,1,1,1,0,,,,
3705,Alison,0,1,0,1,1,1,1,1,1,1,1,-1,1,-1,0,,,,
3706,Davie,-1,1,1,1,1,1,1,1,1,1,-1,-1,-1,0,0,,,,
3707,Christian,1,0,0,1,1,1,1,1,1,1,-1,-1,0,0,0,,,,
3708,Gabby,1,0,0,1,1,1,1,1,1,1,-1,0,0,0,0,,,,
3709,Carl,-1,0,0,1,1,1,1,1,1,-1,0,0,0,0,0,,,,
3710,Alec,0,1,1,1,1,1,-1,-1,-1,0,0,0,0,0,0,,,,
3711,Dan,0,1,0,1,1,1,-1,-1,0,0,0,0,0,0,0,,,,
3712,John,0,1,0,1,1,1,-1,0,0,0,0,0,0,0,0,,,,
3713,Elizabeth,1,1,1,0,0,-1,0,0,0,0,0,0,0,0,0,,,,
3714,Lyrsa,1,0,0,1,-1,0,0,0,0,0,0,0,0,0,0,,,,
3715,Natalie,0,1,0,-1,0,0,0,0,0,0,0,0,0,0,0,,,,
3716,Natalia,0,1,-1,0,0,0,0,0,0,0,0,0,0,0,0,,,,
3717,Bi,-1,0,0,0,0,0,0,0,0,0,0,0,0,0,0,,,,
3718,Jeremy,0,-1,0,0,0,0,0,0,0,0,0,0,0,0,0,,,,
3719,Jessica,-1,0,0,0,0,0,0,0,0,0,0,0,0,0,0,,,,
3720,Pat,0,0,0,0,0,0,0,0,0,0,0,0,0,0,0,,,,
