ID,Contestant,ChW,ChA,ChW%,VFB,VAP,TotV,TCA,TC%,wTCR,JVF,TotJ,JV%,SurvSc,SurvAv
0101,Richard Hatch,1.87,15.10,0.12,10,6,73,11,0.90,2.55,4,7,0.57,1.60,7.84
0102,Kelly Wiglesworth,5.87,15.10,0.39,6,0,73,11,0.55,3.82,3,7,0.43,1.36,12.26
0103,Rudy Boesch,1.62,15.10,0.11,10,8,73,11,0.90,2.12,-,-,-,1.01,3.74
0104,Susan Hawk,0.87,14.10,0.06,9,5,70,10,0.89,2.80,-,-,-,0.95,3.67
0105,Sean Kenniff,1.87,13.10,0.14,6,9,66,9,0.65,1.44,-,-,-,0.79,3.30
0106,Colleen Haskell,1.56,11.07,0.14,3,7,61,8,0.36,0.95,-,-,-,0.50,2.51
0107,Gervase Peterson,2.89,9.07,0.32,1,6,55,7,0.13,0.40,-,-,-,0.45,3.29
0108,Jenna Lewis,1.23,7.07,0.17,4,11,48,6,0.63,1.24,-,-,-,0.80,2.47
0109,Greg Buis,2.56,5.07,0.50,1,6,40,5,0.17,0.56,-,-,-,0.67,3.12
0110,Gretchen Cordy,1.23,3.07,0.40,3,4,31,4,0.72,2.63,-,-,-,1.12,3.85
0111,Joel Klug,0.89,2.07,0.43,2,4,21,3,0.60,2.33,-,-,-,1.03,3.23
0112,Dirk Been,0.62,1.51,0.41,2,4,21,3,0.60,2.33,-,-,-,1.01,2.95
0113,Ramona Gray,0.39,0.99,0.40,1,6,15,2,0.30,1.40,-,-,-,0.70,1.79
0114,Stacey Stillman,0.29,0.68,0.42,0,6,15,2,-0.20,0.00,-,-,-,0.22,0.29
0115,B.B. Andersen,0.25,0.39,0.64,0,6,8,1,-0.75,0.00,-,-,-,-0.11,0.25
0116,Sonja Christopher,0.00,0.13,0.00,0,4,8,1,-0.50,0.00,-,-,-,-0.50,0.00
0201,Tina Wesson,0.59,13.09,0.05,11,0,73,11,1.00,7.00,4,7,0.57,1.62,11.02
0202,Colby Donaldson,8.09,13.09,0.62,10,5,73,11,0.90,2.83,3,7,0.43,1.95,13.49
0203,Keith Famie,2.59,13.09,0.20,9,8,73,11,0.81,1.91,-,-,-,1.01,4.50
0204,Elisabeth Filarski,0.97,12.03,0.08,4,5,64,9,0.44,1.38,-,-,-,0.52,2.35
0205,Rodger Bingham,0.57,10.03,0.06,4,5,60,8,0.49,1.56,-,-,-,0.55,2.13
0206,Amber Brkich,0.59,9.09,0.07,5,6,61,8,0.61,1.75,-,-,-,0.68,2.34
0207,Nick Brown,1.97,7.03,0.28,3,4,49,6,0.49,1.75,-,-,-,0.77,3.72
0208,Jerri Manthey,2.09,6.09,0.34,4,12,48,6,0.63,1.17,-,-,-,0.97,3.26
0209,Alicia Calaway,0.97,4.53,0.21,2,5,34,4,0.46,1.56,-,-,-,0.68,2.53
0210,Jeff Varner,0.97,2.53,0.38,2,7,25,3,0.57,1.70,-,-,-,0.96,2.67
0211,Michael Skupin,0.97,1.53,0.64,2,0,15,2,0.57,1.87,-,-,-,1.21,2.84
0212,Kimmi Kappenberg,0.57,1.33,0.43,1,6,15,2,0.30,1.40,-,-,-,0.73,1.97
0213,Mitchell Olson,0.39,0.99,0.40,2,4,21,3,0.60,2.33,-,-,-,1.00,2.73
0214,Maralyn Hershey,0.39,0.66,0.59,1,5,15,2,0.33,1.56,-,-,-,0.93,1.95
0215,Kel Gleason,0.25,0.38,0.67,0,7,8,1,-0.88,0.00,-,-,-,-0.21,0.25
0216,Debb Eaton,0.00,0.13,0.00,0,7,8,1,-0.88,0.00,-,-,-,-0.88,0.00
0301,Ethan Zohn,2.87,13.29,0.22,11,0,74,11,1.00,7.00,5,7,0.71,1.93,14.15
0302,Kim Johnson,2.87,13.29,0.22,11,1,74,11,1.00,5.60,2,7,0.29,1.50,10.18
0303,Lex van den Berghe,5.87,13.29,0.44,9,10,74,11,0.81,1.64,-,-,-,1.25,7.50
0304,Tom Buchanan,1.67,12.29,0.14,7,7,71,10,0.69,1.78,-,-,-,0.83,3.45
0305,Teresa Cooper,1.90,11.27,0.17,3,4,66,9,0.33,1.17,-,-,-,0.50,3.07
0306,Kim Powers,0.90,9.27,0.10,5,4,61,8,0.62,2.19,-,-,-,0.71,3.09
0307,Frank Garrison,1.40,7.27,0.19,3,9,55,7,0.41,0.92,-,-,-,0.60,2.33
0308,Brandon Quinton,1.40,6.27,0.22,4,6,48,6,0.65,1.87,-,-,-,0.87,3.27
0309,Kelly Goldsmith,0.87,4.79,0.18,4,5,41,5,0.78,2.49,-,-,-,0.96,3.36
0310,Clarence Black,0.87,2.79,0.31,2,12,32,4,0.41,0.88,-,-,-,0.72,1.74
0311,Lindsey Richter,0.90,1.77,0.51,2,7,21,3,0.56,1.70,-,-,-,1.07,2.60
0312,Silas Gaither,0.70,1.37,0.51,2,8,21,3,0.54,1.56,-,-,-,1.05,2.26
0313,Linda Spencer,0.27,1.04,0.26,0,4,15,2,-0.13,0.00,-,-,-,0.13,0.27
0314,Carl Bilancione,0.39,0.73,0.54,0,4,8,1,-0.50,0.00,-,-,-,0.04,0.39
0315,Jessie Camacho,0.00,0.39,0.00,1,6,16,2,0.31,1.40,-,-,-,0.31,1.40
0316,Diane Ogden,0.00,0.13,0.00,0,6,8,1,-0.75,0.00,-,-,-,-0.75,0.00
0401,Vecepia Towery,2.45,15.35,0.16,9,2,81,12,0.75,3.50,4,7,0.57,1.48,9.38
0402,Neleh Dennis,2.34,15.33,0.15,9,4,61,10,0.89,3.15,3,7,0.43,1.47,8.06
0404,Paschal English,5.51,15.33,0.36,7,5,61,10,0.69,2.18,-,-,-,1.05,7.69
0404,Kathy Vavrick-O'Brien,2.84,14.33,0.20,8,0,58,9,0.89,6.22,-,-,-,1.09,9.07
0405,Sean Rector,1.75,13.35,0.13,7,7,74,10,0.69,1.78,-,-,-,0.82,3.53
0406,Robert DeCanio,1.62,11.33,0.14,3,6,48,6,0.48,1.40,-,-,-,0.62,3.02
0407,Tammy Leitner,3.01,9.33,0.32,3,5,42,5,0.58,1.87,-,-,-,0.90,4.88
0408,Zoe Zanidakis,0.96,7.33,0.13,3,8,35,4,0.69,1.75,-,-,-,0.82,2.71
0409,John Carroll,0.56,5.83,0.10,2,8,27,3,0.57,1.56,-,-,-,0.66,2.12
0410,Rob Mariano,0.25,3.85,0.06,4,8,39,5,0.76,1.87,-,-,-,0.82,2.12
0411,Gina Crews,0.75,2.85,0.26,2,3,30,5,0.38,1.60,-,-,-,0.64,2.35
0412,Gabriel Cade,0.96,2.33,0.41,0,7,8,1,-0.88,0.00,-,-,-,-0.46,0.96
0413,Sarah Jones,0.00,1.85,0.00,3,11,26,4,0.64,1.40,-,-,-,0.64,1.40
0414,Hunter Ellis,0.00,1.65,0.00,1,4,21,3,0.27,1.17,-,-,-,0.27,1.17
0415,Patricia Jackson,0.00,1.29,0.00,1,5,15,2,0.33,1.56,-,-,-,0.33,1.56
0416,Peter Harkey,0.00,1.00,0.00,0,5,8,1,-0.63,0.00,-,-,-,-0.63,0.00
0501,Brian Heidik,6.18,12.13,0.51,9,0,54,9,1.00,7.00,4,7,0.57,2.08,16.61
0502,Clay Jordan,2.18,12.13,0.18,8,3,54,9,0.88,3.56,3,7,0.43,1.49,7.87
0503,Jan Gentry,1.18,12.13,0.10,7,5,54,9,0.77,2.42,-,-,-,0.86,3.60
0504,Helen Glover,2.93,11.13,0.26,6,5,51,8,0.74,2.33,-,-,-,1.00,5.27
0505,"Ted Rogers, Jr.",3.18,10.13,0.31,6,7,47,7,0.84,2.18,-,-,-,1.15,5.37
0506,Jake Billingsley,0.94,8.13,0.12,5,7,51,8,0.61,1.59,-,-,-,0.72,2.53
0507,Penny Ramsey,0.94,6.13,0.15,5,5,45,7,0.70,2.22,-,-,-,0.85,3.17
0508,Ken Stafford,0.94,4.13,0.23,5,6,38,6,0.81,2.33,-,-,-,1.04,3.28
0509,Erin Collins,0.94,2.13,0.44,4,3,30,5,0.78,3.20,-,-,-,1.22,4.14
0510,Shii Ann Huang,0.43,1.88,0.23,3,10,26,4,0.65,1.50,-,-,-,0.89,1.93
0511,Robb Zbacnik,0.94,1.68,0.56,0,5,21,3,-0.08,0.00,-,-,-,0.48,0.94
0512,Stephanie Dill,0.43,1.28,0.34,0,5,15,2,-0.17,0.00,-,-,-,0.17,0.43
0513,Ghandia Johnson,0.33,1.08,0.31,1,5,21,3,0.25,1.04,-,-,-,0.56,1.37
0514,Jed Hildebrand,0.41,0.74,0.55,0,5,8,1,-0.63,0.00,-,-,-,-0.07,0.41
0515,Tanya Vance,0.00,0.41,0.00,1,5,15,2,0.33,1.56,-,-,-,0.33,1.56
0516,John Raymond,0.00,0.13,0.00,0,6,8,1,-0.75,0.00,-,-,-,-0.75,0.00
0601,Jenna Morasca,4.72,12.93,0.37,9,3,73,11,0.81,3.27,6,7,0.86,2.04,13.14
0602,Matthew von Ertfelda,4.64,12.93,0.36,10,6,73,11,0.90,2.55,1,7,0.14,1.40,8.05
0603,Rob Cesternino,1.64,12.93,0.13,10,4,73,11,0.90,3.18,-,-,-,1.03,4.82
0604,Butch Lockley,0.88,11.93,0.07,7,5,70,10,0.69,2.18,-,-,-,0.77,3.05
0605,Heidi Strobel,0.95,10.93,0.09,7,3,66,9,0.77,3.11,-,-,-,0.86,4.06
0606,Christy Smith,0.81,8.93,0.09,4,9,61,8,0.48,1.08,-,-,-,0.57,1.89
0607,Alex Bell,1.98,7.93,0.25,5,6,55,7,0.70,2.00,-,-,-,0.95,3.98
0608,Deena Bennett,2.05,6.93,0.30,5,6,48,6,0.81,2.33,-,-,-,1.11,4.39
0609,Dave Johnson,2.21,4.93,0.45,2,8,40,5,0.36,0.93,-,-,-,0.81,3.14
0610,Roger Sexton,0.88,2.60,0.34,3,11,31,4,0.66,1.40,-,-,-,1.00,2.28
0611,Shawna Mitchell,0.72,1.60,0.45,1,6,21,3,0.24,0.93,-,-,-,0.69,1.65
0612,Jeanne Hebert,0.55,1.20,0.46,1,5,21,3,0.25,1.04,-,-,-,0.72,1.59
0613,JoAnna Ward,0.55,1.03,0.54,0,4,15,2,-0.13,0.00,-,-,-,0.40,0.55
0614,Daniel Lue,0.14,0.70,0.21,0,7,15,2,-0.23,0.00,-,-,-,-0.03,0.14
0615,Janet Koth,0.27,0.41,0.65,0,5,8,1,-0.63,0.00,-,-,-,0.03,0.27
0616,Ryan Aiken,0.00,0.13,0.00,0,4,8,1,-0.50,0.00,-,-,-,-0.50,0.00
0701,Sandra Diaz-Twine,1.00,11.58,0.09,10,0,77,12,0.83,5.83,6,7,0.86,1.78,11.98
0702,Lillian Morris,2.03,10.78,0.19,9,9,73,11,0.81,1.76,1,7,0.14,1.14,4.65
0703,Jon Dalton,2.11,11.58,0.18,9,7,77,12,0.74,1.91,-,-,-,0.92,4.02
0704,Darrah Johnson,4.13,10.58,0.39,7,6,70,10,0.69,1.96,-,-,-,1.08,6.09
0705,Burton Roberts,4.68,9.38,0.50,5,10,52,7,0.69,1.43,-,-,-,1.19,6.11
0706,Christa Hastie,1.00,9.78,0.10,7,7,65,9,0.77,1.98,-,-,-,0.87,2.98
0707,Tijuana Bradley,1.00,8.44,0.12,5,5,55,7,0.70,2.22,-,-,-,0.82,3.22
0708,Rupert Boneham,3.34,6.44,0.52,5,7,45,6,0.81,2.12,-,-,-,1.33,5.47
0709,Ryan Opray,1.00,4.94,0.20,3,8,40,5,0.56,1.40,-,-,-,0.76,2.40
0710,Andrew Savage,0.80,2.74,0.29,3,6,31,4,0.70,2.10,-,-,-,0.99,2.90
0711,Osten Taylor,0.80,1.74,0.46,3,2*,21*,3*,0.68,1.91,-,-,-,1.14,2.71
0712,Shawn Cohen,0.94,1.74,0.54,3,5,25,4,0.70,2.33,-,-,-,1.24,3.28
0713,Trish Dunn,1.18,1.74,0.68,2,4,20,3,0.60,2.33,-,-,-,1.28,3.51
0714,Michelle Tesauro,0.78,1.34,0.58,0,6,14,2,-0.21,0.00,-,-,-,0.36,0.78
0715,Ryan Shoulders,0.20,0.61,0.33,1,6,15,2,0.30,1.40,-,-,-,0.63,1.60
0716,Nicole Delma,0.20,0.33,0.62,0,7,8,1,-0.88,0.00,-,-,-,-0.26,0.20
0801,Amber Brkich,2.87,12.81,0.22,9,6,53,9,0.99,2.80,4,7,0.57,1.78,9.10
0803,Jenna Lewis,1.48,12.89,0.12,8,4,53,9,0.88,3.11,-,-,-,1.00,4.60
0804,Rupert Boneham,2.48,11.89,0.21,6,4,50,8,0.74,2.63,-,-,-,0.95,5.11
0805,Tom Buchanan,3.24,10.81,0.30,5,4,41,6,0.82,2.92,-,-,-,1.12,6.16
0806,Shii Ann Huang,1.58,8.81,0.18,6,5,52,8,0.74,2.33,-,-,-,0.92,3.92
0807,Alicia Calaway,1.67,6.81,0.24,3,7,30,4,0.69,1.91,-,-,-,0.94,3.58
0808,Kathy Vavrick-O'Brien,1.81,4.81,0.38,3,6,34,5,0.56,1.68,-,-,-,0.94,3.49
0809,Lex van den Berghe,0.81,3.56,0.23,4,7,31,5,0.75,2.04,-,-,-,0.98,2.84
0810,Jerri Manthey,0.74,2.64,0.28,5,7,33,6,0.80,2.12,-,-,-,1.08,2.86
0811,Ethan Zohn,0.74,2.44,0.30,2,6,28,5,0.36,1.12,-,-,-,0.66,1.86
0812,Colby Donaldson,0.81,1.96,0.41,1,4,12,2,0.33,1.75,-,-,-,0.75,2.56
0813,Susan Hawk,0.80,1.63,0.49,1,0*,6*,1*,0.23,1.27,-,-,-,0.72,2.07
0814,Richard Hatch,0.64,1.63,0.39,0,6,7,1,-0.86,0.00,-,-,-,-0.46,0.64
0815,Rob Cesternino,7.07,12.81,0.55,8,1,48,8,1.00,5.60,3,7,0.43,1.98,15.24
0815,Rob Cesternino,0.78,1.23,0.64,0,5,6,1,-0.83,0.00,-,-,-,-0.20,0.78
0816,Jenna Morasca,0.27,0.73,0.36,0,0,0,0,-1.00,0.00,-,-,-,-0.64,0.27
0817,Rudy Boesch,0.20,0.57,0.35,1,3,11,2,0.36,2.00,-,-,-,0.72,2.20
0818,Tina Wesson,0.00,0.17,0.00,0,4,6,1,-0.67,0.00,-,-,-,-0.67,0.00
0901,Chris Daugherty,4.82,15.24,0.32,10,3,82,12,0.83,3.33,5,7,0.71,1.86,12.44
0902,Twila Tanner,2.34,14.24,0.16,11,6,75,11,0.99,2.80,2,7,0.29,1.44,6.86
0903,Scout Cloud Lee,0.80,14.24,0.06,10,3,82,12,0.83,3.33,-,-,-,0.89,4.13
0904,Eliza Orlins,4.17,13.24,0.32,8,9,78,11,0.72,1.57,-,-,-,1.01,5.74
0905,Julie Berry,2.34,12.24,0.19,4,4,68,9,0.44,1.56,-,-,-,0.63,3.90
0906,Ami Cusack,3.67,10.24,0.36,7,8,70,9,0.77,1.81,-,-,-,1.12,5.49
0907,Leann Slaby,1.92,8.24,0.23,7,8,64,8,0.86,2.04,-,-,-,1.09,3.96
0908,Chad Crittenden,1.32,7.24,0.18,4,7,57,7,0.55,1.45,-,-,-,0.74,2.77
0909,Lea Masters,2.07,5.99,0.35,4,7,49,6,0.64,1.70,-,-,-,0.99,3.77
0910,Rory Freeman,0.65,3.99,0.16,5,14,47,6,0.78,1.30,-,-,-,0.95,1.95
0911,John Kenney,1.87,2.79,0.67,1,5,30,4,0.21,0.78,-,-,-,0.88,2.65
0912,Lisa Keiffer,0.52,1.39,0.38,2,4,30,4,0.47,1.75,-,-,-,0.84,2.27
0913,Travis Sampson,0.25,2.06,0.12,3,6,31,4,0.70,2.10,-,-,-,0.82,2.35
0914,Brady Finta,0.25,1.77,0.14,0,6,24,3,-0.08,0.00,-,-,-,0.06,0.25
0915,Mia Galeotalanza,0.24,0.49,0.49,0,5,17,2,-0.15,0.00,-,-,-,0.34,0.24
0916,John Palyok,0.25,1.49,0.17,0,5,17,2,-0.15,0.00,-,-,-,0.02,0.25
0917,Dolly Neely,0.24,0.36,0.65,0,5,9,1,-0.56,0.00,-,-,-,0.10,0.24
0918,Brook Geraghty,0.00,0.11,0.00,0,5,9,1,-0.56,0.00,-,-,-,-0.56,0.00
1001,Tom Westman,6.66,13.60,0.49,6,0,43,7,0.86,6.00,6,7,0.86,2.20,17.81
1002,Katie Gallagher,1.00,13.60,0.07,7,1,43,7,1.00,5.60,1,7,0.14,1.21,7.46
1003,Ian Rosenberger,5.50,13.60,0.40,6,4,43,7,0.84,3.00,-,-,-,1.25,8.50
1004,Jenn Lyon,1.35,12.60,0.11,4,2,40,6,0.66,3.11,-,-,-,0.75,4.46
1005,Caryn Groedel,1.30,11.60,0.11,4,7,36,5,0.76,2.04,-,-,-,0.86,3.33
1006,Gregg Carey,3.00,9.60,0.31,3,4,31,4,0.72,2.63,-,-,-,0.98,5.62
1007,Stephenie LaGrossa,1.52,8.60,0.18,6,8,58,9,0.65,1.56,-,-,-,0.80,3.07
1008,Janu Tornell,1.40,6.60,0.21,1,1,18,2,0.22,0.72,-,-,-,0.46,2.12
1009,Coby Archa,1.75,5.35,0.33,1,7,18,2,0.31,1.27,-,-,-,0.55,3.02
1010,Bobby Jon Drinkard,0.52,5.35,0.10,5,2,42,7,0.71,3.33,-,-,-,0.78,3.85
1011,Ibrehem Rahman,0.52,3.35,0.15,3,4,42,7,0.41,1.50,-,-,-,0.52,2.02
1012,James Miller,0.52,2.68,0.19,4,5,39,6,0.65,2.07,-,-,-,0.76,2.59
1013,Angie Jakusz,0.27,2.18,0.12,4,6,35,5,0.77,2.24,-,-,-,0.84,2.51
1014,Willard Smith,0.55,2.18,0.25,0,8,9,1,-0.89,0.00,-,-,-,-0.75,0.55
1015,Kim Mullen,0.27,1.98,0.14,3,8,30,4,0.68,1.75,-,-,-,0.76,2.02
1016,Jeff Wilson,0.27,1.65,0.16,2,5,24,3,0.60,2.07,-,-,-,0.76,2.34
1017,Ashlee Ashby,0.13,1.36,0.09,1,6,17,2,0.32,1.40,-,-,-,0.42,1.53
1018,Jolanda Jones,1.00,1.11,0.90,0,6,9,1,-0.67,0.00,-,-,-,0.23,1.00
1019,Wanda Shirk,0.00,1.00,0.00,-,-,-,-,-,-,-,-,-,0.00,0.00
1020,Jonathan Libby,0.00,1.00,0.00,-,-,-,-,-,-,-,-,-,0.00,0.00
1101,Danni Boatwright,3.35,12.97,0.26,10,1,79,12,0.83,4.67,6,7,0.86,1.95,13.16
1102,Stephenie LaGrossa,1.87,13.97,0.13,12,2,84,12,1.00,4.67,1,7,0.14,1.27,7.39
1103,Rafe Judkins,4.62,13.97,0.33,11,2,84,12,0.91,4.28,-,-,-,1.25,8.90
1104,Lydia Morales,0.25,12.97,0.02,10,10,81,11,0.90,1.82,-,-,-,0.92,2.07
1105,Cindy Hall,3.12,11.97,0.26,6,6,69,9,0.66,1.87,-,-,-,0.92,4.99
1106,Judd Sergeant,2.37,9.97,0.24,6,5,64,8,0.74,2.33,-,-,-,0.98,4.70
1107,Gary Hogeboom,1.85,7.97,0.23,6,8,69,9,0.65,1.56,-,-,-,0.89,3.40
1108,Jamie Newton,1.62,6.97,0.23,6,10,59,7,0.83,1.71,-,-,-,1.07,3.33
1109,Bobby Jon Drinkard,1.10,4.72,0.23,4,8,46,6,0.64,1.56,-,-,-,0.87,2.65
1110,Brandon Bellinger,1.10,2.72,0.40,3,6,37,5,0.57,1.68,-,-,-,0.97,2.78
1111,Amy O'Hara,0.60,1.72,0.35,4,4,35,5,0.78,2.80,-,-,-,1.12,3.40
1112,Brian Corridan,0.40,1.32,0.30,3,7,30,4,0.69,1.91,-,-,-,0.99,2.31
1113,Margaret Bobonich,0.92,2.32,0.40,1,7,24,3,0.24,0.85,-,-,-,0.63,1.77
1114,Blake Towsley,0.90,1.15,0.78,1,5,16,2,0.34,1.56,-,-,-,1.12,2.45
1115,Brooke Struck,0.61,0.87,0.71,1,5,17,2,0.35,1.56,-,-,-,1.06,2.17
1116,Brianna Varela,0.11,0.72,0.15,1,7,17,2,0.29,1.27,-,-,-,0.45,1.38
1117,Morgan McDevitt,0.11,0.47,0.24,0,8,9,1,-0.89,0.00,-,-,-,-0.65,0.11
1118,Jim Lynch,0.11,0.22,0.50,0,8,9,1,-0.89,0.00,-,-,-,-0.39,0.11
1201,Aras Baskauskas,3.27,14.67,0.22,7,9,59,9,0.76,1.68,5,7,0.71,1.70,9.23
1202,Danielle DiLorenzo,2.26,14.67,0.15,9,4,59,9,0.99,3.50,2,7,0.29,1.43,7.47
1203,Terry Deitz,9.34,14.67,0.64,4,1,62,10,0.40,2.24,-,-,-,1.03,11.58
1204,Cirie Fields,1.71,12.67,0.13,7,3,60,9,0.77,3.11,-,-,-,0.91,4.82
1205,Shane Powers,1.00,10.67,0.09,4,9,52,7,0.55,1.23,-,-,-,0.64,2.23
1206,Courtney Marit,1.31,8.67,0.15,5,4,47,6,0.82,2.92,-,-,-,0.97,4.23
1207,Bruce Kanegai,1.58,7.34,0.22,3,2,34,4,0.56,1.29,-,-,-,0.77,2.88
1208,Sally Schumann,1.46,6.34,0.23,1,8,40,5,0.16,0.47,-,-,-,0.39,1.93
1209,Austin Carty,1.19,5.09,0.23,3,7,36,5,0.56,1.53,-,-,-,0.80,2.72
1210,Nick Stanbury,0.69,3.75,0.18,3,6,27,4,0.69,2.10,-,-,-,0.88,2.79
1211,Dan Barry,0.75,2.75,0.27,1,3,17,3,0.27,1.33,-,-,-,0.55,2.09
1212,Bobby Mason,0.57,2.55,0.22,1,3,14,2,0.39,2.00,-,-,-,0.62,2.57
1213,Ruth-Marie Milliman,0.68,2.15,0.31,2,6,17,3,0.55,1.87,-,-,-,0.86,2.55
1214,Misty Giles,0.68,1.82,0.37,0,5,7,1,-0.71,0.00,-,-,-,-0.34,0.68
1215,Melinda Hyder,0.00,1.54,0.00,1,5,11,2,0.27,1.56,-,-,-,0.27,1.56
1216,Tina Scheer,0.00,1.25,0.00,0,3,4,1,-0.75,0.00,-,-,-,-0.75,0.00
1301,Yul Kwon,2.67,10.57,0.23,9,5,62,9,0.99,3.11,5,9,0.56,1.78,8.86
1302,Ozzy Lusth,7.82,10.57,0.74,8,1,67,10,0.80,4.48,4,9,0.44,1.98,14.96
1303,Becky Lee,2.17,10.57,0.21,9,5,62,9,0.99,3.11,0,9,0.00,1.20,5.28
1304,Sundra Oakley,1.58,10.57,0.15,8,6,67,10,0.79,2.24,-,-,-,0.95,3.82
1305,Adam Gentry,1.45,9.57,0.15,7,5,79,11,0.63,1.98,-,-,-,0.78,3.43
1306,Parvati Shallow,2.20,8.57,0.26,7,4,74,10,0.69,2.45,-,-,-,0.94,4.65
1307,Jonathan Penner,1.02,6.57,0.15,8,15,68,9,0.86,1.31,-,-,-,1.02,2.33
1308,Candice Woodcock,1.02,4.57,0.22,5,6,53,7,0.70,2.00,-,-,-,0.92,3.02
1309,Nate Gonzalez,0.47,3.57,0.13,3,5,52,7,0.41,1.33,-,-,-,0.55,1.80
1310,Jenny Guzon-Bae,0.60,2.57,0.23,5,6,44,6,0.81,2.33,-,-,-,1.05,2.94
1311,Rebecca Borman,0.47,2.57,0.18,5,6,43,6,0.81,2.33,-,-,-,0.99,2.80
1312,Brad Virata,0.85,2.07,0.41,2,7,31,4,0.44,1.27,-,-,-,0.86,2.13
1313,Jessica Smith,0.82,1.57,0.52,1,6,23,3,0.25,0.93,-,-,-,0.77,1.75
1314,Cristina Coria,0.34,1.20,0.28,3,5,28,4,0.71,2.33,-,-,-,0.98,2.67
1315,Cao Boi Bui,0.83,1.20,0.69,1,6,16,2,0.31,1.40,-,-,-,1.00,2.23
1316,Stephannie Favor,0.30,1.06,0.28,2,9,22,3,0.53,1.44,-,-,-,0.81,1.73
1317,J.P. Calderon,0.21,0.81,0.26,1,7,14,2,0.25,1.27,-,-,-,0.51,1.48
1318,Cecilia Mansilla,0.10,0.56,0.18,1,6,13,2,0.27,1.40,-,-,-,0.45,1.50
1319,Billy Garcia,0.10,0.45,0.22,0,4,5,1,-0.80,0.00,-,-,-,-0.58,0.10
1320,Sekou Bunch,0.00,0.20,0.00,0,3,5,1,-0.60,0.00,-,-,-,-0.60,0.00
1401,Earl Cole,1.18,10.73,0.11,8,1,59,9,0.89,4.98,9,9,1.00,2.00,12.16
1402,Dreamz Herd,2.70,10.71,0.25,9,2,65,11,0.82,3.82,0,9,0.00,1.07,6.51
1403,Cassandra Franklin,2.62,10.71,0.24,5,5,43,7,0.70,2.22,0,9,0.00,0.94,4.84
1404,Yau-Man Chan,4.57,11.73,0.39,8,5,67,10,0.79,2.49,-,-,-,1.18,7.06
1405,Boo Bernis,5.30,10.71,0.49,4,5,39,6,0.65,2.07,-,-,-,1.14,7.37
1406,Stacy Kimball,3.35,9.71,0.34,4,4,39,6,0.65,2.33,-,-,-,0.99,5.68
1407,Alex Angarita,1.45,7.38,0.20,6,9,54,8,0.73,1.62,-,-,-,0.93,3.06
1408,Mookie Lee,0.17,5.39,0.03,5,6,71,10,0.49,1.40,-,-,-,0.52,1.57
1409,Edgardo Rivera,1.40,4.13,0.34,4,5,34,5,0.77,2.49,-,-,-,1.11,3.89
1410,Michelle Yi,0.73,2.14,0.34,3,3,37,5,0.58,2.40,-,-,-,0.93,3.13
1411,Lisi Linares,0.93,1.93,0.48,2,7,19,3,0.54,1.70,-,-,-,1.03,2.63
1412,Rocky Reid,0.17,1.54,0.11,3,5,44,6,0.48,1.56,-,-,-,0.59,1.72
1413,Anthony Robinson,0.00,1.21,0.00,3,10,38,5,0.55,1.20,-,-,-,0.55,1.20
1414,Rita Verreos,0.00,1.04,0.00,2,6,32,4,0.45,1.40,-,-,-,0.45,1.40
1415,Liliana Gomez,0.74,0.74,1.00,0,6,8,1,-0.75,0.00,-,-,-,0.25,0.74
1416,Gary Stritesky,0.46,0.74,0.62,0,0,0,0,-1.00,0.00,-,-,-,-0.38,0.46
1417,Sylvia Kwan,0.00,0.47,0.00,1,6,16,2,0.31,1.40,-,-,-,0.31,1.40
1418,Erica Durousseau,0.00,0.22,0.00,0,6,17,2,-0.18,0.00,-,-,-,-0.18,0.00
1419,Jessica deBen,0.00,0.11,0.00,0,6,9,1,-0.67,0.00,-,-,-,-0.67,0.00
1501,Todd Herzog,1.33,13.30,0.10,9,5,64,9,0.99,3.11,4,7,0.57,1.66,7.86
1502,Courtney Yates,1.68,13.30,0.13,7,0,64,9,0.78,5.44,2,7,0.29,1.19,8.84
1503,Amanda Kimmel,4.27,13.30,0.32,9,0,64,9,1.00,7.00,1,7,0.14,1.46,12.13
1504,Denise Martin,2.97,13.30,0.22,7,3,64,9,0.77,3.11,-,-,-,1.00,6.08
1505,Peih-Gee Law,3.58,11.30,0.32,5,8,71,10,0.49,1.17,-,-,-,0.81,4.75
1506,Erik Huffman,1.83,9.30,0.20,6,5,66,9,0.66,2.07,-,-,-,0.86,3.91
1507,James Clement,1.27,7.30,0.17,4,9,47,6,0.63,1.44,-,-,-,0.81,2.70
1508,Frosti Zernow,2.03,5.30,0.38,6,7,55,7,0.84,2.18,-,-,-,1.22,4.22
1509,Jean-Robert Bellande,1.30,4.05,0.32,3,12,34,4,0.66,1.31,-,-,-,0.98,2.61
1510,Jaime Dugan,0.58,2.80,0.21,4,7,36,5,0.76,2.04,-,-,-,0.97,2.62
1511,Sherea Lloyd,0.78,1.80,0.43,3,6,28,4,0.70,2.10,-,-,-,1.13,2.88
1512,Aaron Reisberger,0.77,1.30,0.59,1,3,13,2,0.38,2.00,-,-,-,0.97,2.77
1513,Dave Cruser,0.33,1.10,0.30,1,6,21,3,0.24,0.93,-,-,-,0.54,1.27
1514,Leslie Nease,0.27,0.77,0.35,0,6,8,1,-0.75,0.00,-,-,-,-0.40,0.27
1515,Ashley Massaro,0.00,0.43,0.00,0,8,15,2,-0.27,0.00,-,-,-,-0.27,0.00
1516,Chicken Morris,0.00,0.13,0.00,0,5,8,1,-0.63,0.00,-,-,-,-0.63,0.00
1601,Parvati Shallow,2.17,12.05,0.18,9,4,60,9,0.99,3.50,5,8,0.63,1.80,9.42
1602,Amanda Kimmel,2.89,12.05,0.24,12,0,86,13,0.92,6.46,3,8,0.38,1.54,11.60
1603,Cirie Fields,0.64,11.80,0.05,11,3,86,13,0.84,3.38,-,-,-,0.90,4.02
1604,Natalie Bolton,0.88,12.05,0.07,5,3,57,8,0.62,2.50,-,-,-,0.69,3.38
1605,Erik Reichenbach,4.63,10.05,0.46,7,7,79,11,0.63,1.62,-,-,-,1.09,6.25
1606,Alexis Jones,1.91,7.80,0.25,3,2,48,6,0.49,2.33,-,-,-,0.74,4.25
1607,James Clement,1.42,7.05,0.20,3,3,46,5,0.47,1.00,-,-,-,0.67,2.42
1608,Jason Siska,2.41,6.05,0.40,1,8,46,5,0.17,0.47,-,-,-,0.56,2.88
1609,Ozzy Lusth,0.89,4.80,0.19,7,9,64,8,0.86,1.88,-,-,-,1.04,2.77
1610,Eliza Orlins,1.42,3.80,0.37,2,8,29,3,0.57,1.56,-,-,-,0.95,2.98
1611,Ami Cusack,0.64,2.80,0.23,4,4,45,6,0.65,2.33,-,-,-,0.88,2.97
1612,Tracy Hughes-Wolf,0.38,2.55,0.15,3,7,40,5,0.57,1.53,-,-,-,0.71,1.91
1613,Kathy Sleckman,1.75,2.39,0.73,2,0,19,2,0.58,1.70,-,-,-,1.31,3.44
1614,Chet Welch,0.21,2.22,0.10,3,12,34,4,0.66,1.31,-,-,-,0.76,1.52
1615,Jonathan Penner,0.87,2.08,0.42,1,0,19,2,0.23,0.78,-,-,-,0.65,1.64
1616,Joel Anderson,0.21,1.93,0.11,1,6,27,3,0.26,0.93,-,-,-,0.37,1.14
1617,Mikey Bortone,0.21,1.68,0.13,0,6,19,2,-0.16,0.00,-,-,-,-0.03,0.21
1618,Yau-Man Chan,1.22,1.43,0.85,1,6,19,2,0.34,1.40,-,-,-,1.19,2.62
1619,Mary Sartain,0.10,1.21,0.08,0,6,10,1,-0.60,0.00,-,-,-,-0.52,0.10
1620,Jon Dalton,0.00,1.10,0.00,0,9,10,1,-0.90,0.00,-,-,-,-0.90,0.00
1701,Bob Crowley,6.20,11.96,0.52,5,2,60,9,0.55,2.59,4,7,0.57,1.64,12.22
1702,Susie Smith,3.10,11.96,0.26,9,7,68,10,0.89,2.29,3,7,0.43,1.58,7.97
1703,Sugar Kiper,0.69,11.96,0.06,10,0,66,10,1.00,7.00,0,7,0.00,1.06,7.69
1704,Matty Whitmore,0.76,11.96,0.06,10,5,81,12,0.83,2.59,-,-,-,0.89,3.35
1705,Ken Hoang,1.14,10.96,0.10,9,7,82,12,0.74,1.91,-,-,-,0.85,3.05
1706,Crystal Cox,0.31,9.96,0.03,10,11,77,11,0.90,1.70,-,-,-,0.93,2.01
1707,Corinne Kaplan,1.03,7.96,0.13,2,4,40,5,0.38,1.40,-,-,-,0.51,2.43
1708,Randy Bailey,1.72,5.96,0.29,2,5,41,5,0.38,1.24,-,-,-,0.66,2.97
1709,Charlie Herschel,1.45,4.96,0.29,2,5,25,3,0.60,2.07,-,-,-,0.89,3.52
1710,Marcus Lehman,3.20,3.71,0.86,1,3,21,3,0.29,1.33,-,-,-,1.15,4.53
1711,Dan Kay,1.27,3.51,0.36,2,4,24,3,0.61,2.33,-,-,-,0.97,3.60
1712,Ace Gordon,0.24,3.51,0.07,3,5,34,5,0.57,1.87,-,-,-,0.64,2.10
1713,Kelly Czarnecki,0.24,2.31,0.10,2,8,29,4,0.43,1.17,-,-,-,0.53,1.40
1714,G.C. Brown,1.31,1.97,0.66,3,6,31,4,0.70,2.10,-,-,-,1.36,3.41
1715,Jacquie Berg,0.24,1.69,0.14,1,5,16,2,0.34,1.56,-,-,-,0.48,1.79
1716,Paloma Soto-Castillo,0.11,1.55,0.07,0,7,9,1,-0.78,0.00,-,-,-,-0.71,0.11
1717,Gillian Larson,0.00,1.24,0.00,1,8,17,2,0.26,1.17,-,-,-,0.26,1.17
1718,Michelle Chase,0.00,1.11,0.00,0,8,9,1,-0.89,0.00,-,-,-,-0.89,0.00
1801,J.T. Thomas,5.38,12.24,0.44,9,0,68,11,0.82,5.73,7,7,1.00,2.26,17.11
1802,Stephen Fishbach,2.60,12.24,0.21,11,1,68,11,1.00,5.60,0,7,0.00,1.21,8.20
1803,Erinn Lobdell,0.91,12.24,0.07,6,5,57,9,0.66,2.07,-,-,-,0.73,2.98
1804,Taj Johnson-George,0.80,11.24,0.07,7,7,65,10,0.69,1.78,-,-,-,0.76,2.58
1805,Coach Wade,1.86,10.24,0.18,4,6,50,7,0.55,1.60,-,-,-,0.74,3.46
1806,Debbie Beebe,2.24,8.24,0.27,4,6,45,6,0.64,1.87,-,-,-,0.92,4.11
1807,Sierra Reed,0.86,7.24,0.12,3,11,39,5,0.54,1.12,-,-,-,0.66,1.98
1808,Tyson Apostol,3.11,5.24,0.59,2,5,32,4,0.46,1.56,-,-,-,1.05,4.66
1809,Brendan Synnott,1.19,3.99,0.30,2,4,24,3,0.61,2.33,-,-,-,0.91,3.53
1810,Joe Dowdle,0.80,2.65,0.30,3,1,26,4,0.54,1.12,-,-,-,0.84,1.92
1811,Sydney Wheeler,0.80,1.65,0.48,3,4,26,4,0.71,2.63,-,-,-,1.19,3.42
1812,Spencer Duhm,0.60,1.25,0.47,2,5,21,3,0.59,2.07,-,-,-,1.06,2.67
1813,Sandy Burgin,0.63,0.92,0.68,1,6,15,2,0.30,1.40,-,-,-,0.98,2.03
1814,Jerry Sims,0.13,0.55,0.23,1,6,15,2,0.30,1.40,-,-,-,0.53,1.53
1815,Candace Smith,0.13,0.27,0.47,0,7,8,1,-0.88,0.00,-,-,-,-0.41,0.13
1816,Carolina Eastwood,0.00,0.13,0.00,0,7,8,1,-0.88,0.00,-,-,-,-0.88,0.00
1901,Natalie White,0.37,11.61,0.03,14,5,108,14,1.00,3.11,7,9,0.78,1.81,8.14
1902,Russell Hantz,1.95,11.61,0.17,14,2,108,14,1.00,4.67,2,9,0.22,1.39,7.95
1903,Mick Trimming,1.17,11.61,0.10,13,4,108,14,0.93,3.25,0,9,0.00,1.03,4.42
1904,Brett Clouser,3.99,11.61,0.34,6,3,82,10,0.60,2.40,-,-,-,0.94,6.39
1905,Jaison Robinson,2.75,10.61,0.26,12,7,104,13,0.92,2.35,-,-,-,1.18,5.10
1906,Shambo Waters,1.46,9.61,0.15,3,6,73,8,0.36,1.05,-,-,-,0.52,2.51
1907,Monica Padilla,1.00,8.28,0.12,4,7,67,7,0.57,1.45,-,-,-,0.69,2.45
1908,Dave Ball,1.49,7.28,0.21,3,8,60,6,0.48,1.17,-,-,-,0.68,2.66
1909,John Fincher,1.96,6.28,0.31,2,7,52,5,0.37,1.02,-,-,-,0.69,2.98
1910,Laura Morett,2.96,5.28,0.56,2,5,43,4,0.47,1.56,-,-,-,1.03,4.51
1911,Kelly Sharbaugh,0.96,4.08,0.24,2,4,33,3,0.63,2.33,-,-,-,0.86,3.29
1912,Erik Cardona,0.96,2.88,0.33,1,10,22,2,0.27,1.00,-,-,-,0.61,1.96
1913,Liz Kim,0.42,1.88,0.22,4,5,36,5,0.77,2.49,-,-,-,0.99,2.91
1914,Russell Swan,1.06,1.48,0.72,1,0,10,1,0.26,1.08,-,-,-,0.98,2.14
1915,Ashley Trainer,0.17,1.48,0.11,3,9,31,4,0.68,1.62,-,-,-,0.79,1.78
1916,Yasmin Giles,0.23,1.14,0.20,0,8,10,1,-0.80,0.00,-,-,-,-0.60,0.23
1917,Ben Browning,0.00,0.64,0.00,2,7,25,3,0.57,1.70,-,-,-,0.57,1.70
1918,Betsy Bolan,0.00,0.48,0.00,0,7,18,2,-0.19,0.00,-,-,-,-0.19,0.00
1919,Mike Borassi,0.00,0.48,0.00,1,0,10,1,0.26,1.08,-,-,-,0.26,1.08
1920,Marisa Calihan,0.25,0.35,0.71,0,7,10,1,-0.70,0.00,-,-,-,0.01,0.25
2001,Sandra Diaz-Twine,0.69,11.56,0.06,9,1,89,12,0.75,4.20,6,9,0.67,1.48,8.89
2002,Parvati Shallow,3.71,11.56,0.32,10,4,89,12,0.83,2.92,3,9,0.33,1.48,8.63
2003,Russell Hantz,2.68,11.56,0.23,11,5,89,12,0.91,2.85,0,9,0.00,1.14,5.53
2004,Jerri Manthey,3.00,11.56,0.26,9,4,89,12,0.75,2.63,-,-,-,1.01,5.63
2005,Colby Donaldson,1.56,10.56,0.15,5,7,85,11,0.45,1.16,-,-,-,0.59,2.72
2006,Rupert Boneham,1.23,9.56,0.13,6,10,80,10,0.59,1.20,-,-,-,0.72,2.43
2007,Danielle DiLorenzo,2.19,7.56,0.29,7,4,74,9,0.77,2.72,-,-,-,1.06,4.92
2008,Candice Woodcock,2.23,7.56,0.29,5,5,67,8,0.62,1.94,-,-,-,0.91,4.17
2009,Amanda Kimmel,1.56,5.56,0.28,4,10,59,7,0.55,1.14,-,-,-,0.83,2.70
2010,J.T. Thomas,1.23,4.23,0.29,5,5,50,6,0.82,2.59,-,-,-,1.11,3.82
2011,Courtney Yates,0.57,3.23,0.18,2,9,40,5,0.36,0.86,-,-,-,0.53,1.43
2012,Coach Wade,0.80,2.83,0.28,1,4,34,4,0.22,0.88,-,-,-,0.50,1.68
2013,Rob Mariano,2.80,3.43,0.82,1,5,27,3,0.27,1.04,-,-,-,1.09,3.84
2014,James Clement,0.23,2.03,0.11,3,7,40,5,0.57,1.53,-,-,-,0.68,1.75
2015,Tyson Apostol,0.66,2.03,0.33,1,3,19,2,0.42,2.00,-,-,-,0.75,2.66
2016,Tom Westman,0.23,1.03,0.22,2,5,34,4,0.46,1.56,-,-,-,0.68,1.78
2017,Cirie Fields,0.23,0.72,0.31,2,3,27,3,0.63,2.67,-,-,-,0.94,2.89
2018,Randy Bailey,0.10,0.45,0.22,0,9,10,1,-0.90,0.00,-,-,-,-0.68,0.10
2019,Stephenie LaGrossa,0.10,0.33,0.31,1,6,19,2,0.34,1.40,-,-,-,0.65,1.50
2020,Sugar Kiper,0.10,0.20,0.50,0,9,10,1,-0.90,0.00,-,-,-,-0.40,0.10
2101,Fabio Birza,6.00,11.82,0.51,6,2,79,10,0.60,2.80,5,9,0.56,1.66,12.14
2102,Chase Rice,3.24,11.82,0.27,10,1,79,10,1.00,5.60,4,9,0.44,1.72,11.51
2103,Sash Lenahan,1.80,11.82,0.15,9,1,79,10,0.90,5.04,0,9,0.00,1.05,6.84
2104,Holly Hoffman,1.82,11.82,0.15,10,4,96,12,0.83,2.92,-,-,-,0.98,4.74
2105,Dan Lembo,0.77,10.82,0.07,8,9,92,11,0.72,1.57,-,-,-,0.79,2.34
2106,Jane Bright,2.58,9.82,0.26,5,11,87,10,0.49,0.93,-,-,-,0.75,3.51
2107,Benry Henry,1.24,7.82,0.16,5,5,65,7,0.70,2.22,-,-,-,0.86,3.47
2108,Kelly Shinn,0.54,5.82,0.09,5,0,58,6,0.70,1.67,-,-,-,0.79,2.20
2109,NaOnka Mixon,1.24,5.82,0.21,6,3,58,6,0.83,1.50,-,-,-,1.05,2.74
2110,Brenda Lowe,1.60,5.57,0.29,5,13,58,6,0.80,1.37,-,-,-,1.08,2.98
2111,Marty Piombo,0.58,4.37,0.13,4,14,65,7,0.54,0.89,-,-,-,0.67,1.47
2112,Alina Wilson,0.79,3.17,0.25,2,10,37,4,0.43,1.00,-,-,-,0.68,1.79
2113,Jill Behm,1.38,2.17,0.63,3,3,42,5,0.59,2.40,-,-,-,1.22,3.78
2114,Yve Rojas,0.24,1.84,0.13,4,7,42,5,0.77,2.04,-,-,-,0.89,2.27
2115,Kelly Bruno,0.48,1.84,0.26,1,3,18,2,0.42,2.00,-,-,-,0.68,2.48
2116,Tyrone Davis,0.24,0.70,0.34,3,6,35,4,0.71,2.10,-,-,-,1.05,2.34
2117,Jimmy Tarantino,0.11,0.45,0.25,2,5,27,3,0.60,2.07,-,-,-,0.85,2.19
2118,Jimmy Johnson,0.11,0.32,0.34,1,8,19,2,0.29,1.17,-,-,-,0.63,1.28
2119,Shannon Elkins,0.10,0.21,0.47,0,7,10,1,-0.70,0.00,-,-,-,-0.23,0.10
2120,Wendy DeSmidt-Kohlhoff,0.00,0.10,0.00,0,9,10,1,-0.90,0.00,-,-,-,-0.90,0.00
2201,Rob Mariano,4.64,11.02,0.42,12,6,99,13,0.92,2.58,8,9,0.89,2.23,12.56
2202,Phillip Sheppard,0.64,11.02,0.06,12,17,99,13,0.91,1.23,1,9,0.11,1.08,2.54
2203,Natalie Tenerelli,1.64,11.02,0.15,12,1,99,13,0.92,5.17,0,9,0.00,1.07,6.81
2204,Ashley Underwood,2.64,11.02,0.24,11,3,99,13,0.84,3.38,-,-,-,1.08,6.03
2205,Andrea Boehlke,2.14,10.02,0.21,7,9,90,11,0.63,1.37,-,-,-,0.84,3.64
2206,Mike Chiesl,1.88,5.52,0.34,4,6,53,6,0.65,1.87,-,-,-,0.99,4.00
2207,Matt Elrod,3.50,5.74,0.61,1,10,27,3,0.21,0.67,-,-,-,0.82,4.92
2208,Grant Mattos,2.64,9.52,0.28,9,10,90,11,0.81,1.64,-,-,-,1.09,4.28
2209,Ralph Kiser,0.38,7.02,0.05,3,9,80,9,0.32,0.72,-,-,-,0.37,1.22
2210,Steve Wright,0.38,7.52,0.05,4,9,87,10,0.39,0.86,-,-,-,0.44,1.24
2211,Julie Wolfe,0.38,5.52,0.07,3,6,72,8,0.36,1.05,-,-,-,0.43,1.43
2212,David Murphy,0.25,4.52,0.06,2,8,63,7,0.27,0.67,-,-,-,0.32,0.92
2213,Sarita White,0.38,1.52,0.25,2,6,30,4,0.45,1.40,-,-,-,0.70,1.78
2214,Stephanie Valencia,0.38,1.36,0.28,0,8,24,3,-0.11,0.00,-,-,-,0.17,0.38
2215,Krista Klumpp,0.24,1.19,0.20,0,6,17,2,-0.18,0.00,-,-,-,0.02,0.24
2216,Kristina Kell,0.14,1.02,0.14,0,7,22,3,-0.11,0.00,-,-,-,0.03,0.14
2217,Russell Hantz,0.24,0.88,0.27,0,3,9,1,-0.33,0.00,-,-,-,-0.06,0.24
2218,Francesca Hogi,0.00,0.61,0.00,0,4,9,1,-0.44,0.00,-,-,-,-0.44,0.00
2301,Sophie Clarke,3.55,10.98,0.32,11,5,101,13,0.84,2.63,6,9,0.67,1.83,10.18
2302,Coach Wade,1.55,11.48,0.13,13,0,101,13,1.00,7.00,3,9,0.33,1.47,10.55
2303,Albert Destrade,1.55,10.98,0.14,11,1,101,13,0.85,4.74,0,9,0.00,0.99,6.28
2304,Ozzy Lusth,5.93,8.48,0.70,2,17,62,8,0.22,0.33,-,-,-,0.92,6.27
2305,Rick Nelson,0.55,9.98,0.05,10,11,97,12,0.82,1.56,-,-,-,0.88,2.10
2306,Brandon Hantz,1.55,9.48,0.16,10,4,92,11,0.91,3.18,-,-,-,1.07,4.73
2307,Edna Ma,0.55,8.48,0.06,7,15,87,10,0.68,1.03,-,-,-,0.75,1.58
2308,John Cochran,0.43,7.48,0.06,9,13,87,10,0.89,1.48,-,-,-,0.94,1.92
2309,Whitney Duncan,1.68,6.48,0.26,4,7,80,9,0.43,1.13,-,-,-,0.69,2.82
2310,Dawn Meehan,1.43,6.48,0.22,5,9,72,8,0.61,1.35,-,-,-,0.83,2.78
2311,Keith Tollefson,0.68,2.48,0.28,3,6,42,5,0.57,1.68,-,-,-,0.85,2.36
2312,Jim Rice,1.43,4.48,0.32,3,8,63,7,0.41,1.00,-,-,-,0.73,2.43
2313,Christine Shields Markoski,2.61,3.24,0.81,0,4,9,1,-0.44,0.00,-,-,-,0.36,2.61
2314,Mikayla Wingle,0.38,1.31,0.29,2,4,24,3,0.61,2.33,-,-,-,0.90,2.71
2315,Elyse Umemoto,0.27,1.15,0.23,2,3,24,3,0.63,2.67,-,-,-,0.86,2.93
2316,Stacey Powell,0.24,1.00,0.24,0,10,17,2,-0.29,0.00,-,-,-,-0.06,0.24
2317,Mark Caruso,0.13,0.86,0.15,1,6,17,2,0.32,1.40,-,-,-,0.47,1.53
2318,Semhar Tadesse,0.00,0.61,0.00,0,8,9,1,-0.89,0.00,-,-,-,-0.89,0.00
2401,Kim Spradlin,6.08,13.81,0.44,9,3,80,10,0.90,3.60,7,9,0.78,2.11,14.35
2402,Sabrina Thompson,1.08,13.81,0.08,9,2,80,10,0.90,4.20,2,9,0.22,1.20,6.61
2403,Chelsea Meissner,3.05,13.81,0.22,9,4,80,10,0.90,3.15,0,9,0.00,1.12,6.20
2404,Christina Cha,0.80,13.81,0.06,5,9,87,11,0.45,0.98,-,-,-,0.50,1.77
2405,Alicia Rosa,1.80,12.81,0.14,7,5,83,10,0.69,2.18,-,-,-,0.83,3.97
2406,Tarzan Smith,0.58,11.68,0.05,7,12,87,10,0.69,1.23,-,-,-,0.74,1.80
2407,Kat Edorsson,2.08,9.81,0.21,5,7,65,7,0.70,1.82,-,-,-,0.91,3.90
2408,Troyzan Robertson,3.32,7.81,0.43,4,4,67,7,0.56,2.00,-,-,-,0.99,5.32
2409,Leif Manson,0.70,5.81,0.12,4,5,66,7,0.56,1.78,-,-,-,0.68,2.48
2410,Jay Byars,2.32,4.81,0.48,4,5,50,5,0.78,2.49,-,-,-,1.26,4.81
2411,Michael Jefferson,1.03,3.48,0.30,2,9,40,4,0.44,1.08,-,-,-,0.74,2.11
2412,Jonas Otsuji,0.36,2.41,0.15,3,10,36,4,0.68,1.50,-,-,-,0.83,1.86
2413,Colton Cumbie,0.50,1.24,0.41,3,1,24,3,0.69,1.91,-,-,-,1.10,2.41
2414,Monica Culpepper,0.43,1.08,0.40,0,5,15,2,-0.17,0.00,-,-,-,0.23,0.43
2415,Bill Posley,0.50,0.79,0.64,1,8,17,2,0.26,1.17,-,-,-,0.90,1.67
2416,Matt Quinlan,0.36,0.65,0.56,0,7,9,1,-0.78,0.00,-,-,-,-0.22,0.36
2417,Nina Acosta,0.00,0.36,0.00,0,6,8,1,-0.75,0.00,-,-,-,-0.75,0.00
2418,Kourtney Moon,0.00,0.11,0.00,0,0,0,0,-1.00,0.00,-,-,-,-1.00,0.00
2501,Denise Stapley,1.65,13.36,0.12,11,6,89,14,0.78,2.20,6,8,0.75,1.65,8.35
2502,Michael Skupin,4.05,13.36,0.30,6,0,60,8,0.75,5.25,1,8,0.13,1.18,10.05
2503,Lisa Whelchel,0.99,13.36,0.07,5,0,60,8,0.63,4.38,1,8,0.13,0.82,6.12
2504,Malcolm Freberg,5.21,13.36,0.39,9,6,78,12,0.74,2.10,-,-,-,1.13,7.31
2505,Abi-Maria Gomes,1.48,11.36,0.13,2,6,56,7,0.27,0.80,-,-,-,0.40,2.28
2506,Carter Williams,3.38,9.36,0.36,5,5,62,8,0.61,1.94,-,-,-,0.98,5.33
2507,Jonathan Penner,2.33,7.36,0.32,4,9,56,7,0.55,1.23,-,-,-,0.87,3.56
2508,Pete Yurkowski,1.50,6.36,0.24,2,9,38,4,0.44,1.08,-,-,-,0.68,2.58
2509,Artis Silvester,1.25,5.11,0.24,2,5,30,3,0.61,2.07,-,-,-,0.86,3.33
2510,Jeff Kent,0.88,3.86,0.23,3,5,32,4,0.71,2.33,-,-,-,0.94,3.22
2511,RC Saint-Amour,0.92,2.66,0.35,0,4,11,1,-0.36,0.00,-,-,-,-0.02,0.92
2512,Katie Hanson,0.27,1.66,0.16,1,4,11,2,0.32,1.75,-,-,-,0.48,2.02
2513,Sarah Dawson,0.17,1.26,0.13,0,5,6,1,-0.83,0.00,-,-,-,-0.70,0.17
2514,Dana Lambert,0.52,1.09,0.47,0,0,0,0,-1.00,0.00,-,-,-,-0.53,0.52
2515,Russell Swan,0.00,0.95,0.00,3,4,18,4,0.69,2.63,-,-,-,0.69,2.63
2516,Angie Layton,0.00,0.62,0.00,2,4,15,3,0.58,2.33,-,-,-,0.58,2.33
2517,Roxy Morris,0.00,0.37,0.00,1,4,11,2,0.32,1.75,-,-,-,0.32,1.75
2518,Zane Knight,0.00,0.17,0.00,0,5,6,1,-0.83,0.00,-,-,-,-0.83,0.00
2601,John Cochran,5.03,11.90,0.42,8,0,99,12,0.67,4.67,8,8,1.00,2.09,15.70
2602,Sherri Biethman,0.58,11.90,0.05,9,6,93,11,0.81,2.29,0,8,0.00,0.86,2.87
2603,Dawn Meehan,1.65,11.90,0.14,9,2,99,12,0.75,3.50,0,8,0.00,0.89,5.15
2604,Eddie Fox,0.94,11.90,0.08,2,12,93,11,0.17,0.32,-,-,-,0.25,1.26
2605,Erik Reichenbach,2.47,9.90,0.25,6,2,82,9,0.59,1.53,-,-,-,0.84,3.99
2606,Brenda Lowe,3.07,9.90,0.31,5,5,82,9,0.55,1.73,-,-,-,0.86,4.79
2607,Andrea Boehlke,2.07,7.90,0.26,6,13,76,8,0.73,1.24,-,-,-,0.99,3.30
2608,Reynold Toepfer,2.14,6.90,0.31,2,8,76,8,0.24,0.58,-,-,-,0.55,2.73
2609,Malcolm Freberg,1.23,5.90,0.21,3,3,61,6,0.49,2.00,-,-,-,0.70,3.23
2610,Phillip Sheppard,0.96,4.90,0.20,5,5,65,7,0.70,2.22,-,-,-,0.90,3.18
2611,Michael Snow,0.47,3.70,0.13,3,10,62,7,0.41,0.86,-,-,-,0.53,1.32
2612,Corinne Kaplan,0.61,2.50,0.25,4,7,44,5,0.77,2.04,-,-,-,1.01,2.65
2613,Julia Landauer,0.27,1.50,0.18,3,5,39,5,0.57,1.87,-,-,-,0.75,2.13
2614,Matt Bischoff,0.27,1.17,0.23,2,4,33,4,0.47,1.75,-,-,-,0.70,2.02
2615,Brandon Hantz,0.76,1.02,0.74,0,8,19,2,-0.21,0.00,-,-,-,0.53,0.76
2616,Laura Alexander,0.10,0.69,0.14,2,6,26,3,0.59,1.87,-,-,-,0.73,1.97
2617,Shamar Thomas,0.10,0.55,0.18,1,7,19,2,0.15,0.49,-,-,-,0.33,0.59
2618,Hope Driskill,0.10,0.42,0.24,0,3,19,2,-0.08,0.00,-,-,-,0.16,0.10
2619,Allie Pohevitz,0.10,0.31,0.32,0,6,10,1,-0.60,0.00,-,-,-,-0.28,0.10
2620,Francesca Hogi,0.10,0.20,0.50,0,6,10,1,-0.60,0.00,-,-,-,-0.10,0.10
2701,Tyson Apostol,2.91,10.11,0.29,9,2,83,11,0.82,3.82,7,8,0.875,1.98,11.98
2702,Monica Culpepper,3.40,10.11,0.34,12,4,94,13,0.92,3.23,1,8,0.125,1.38,7.38
2703,Gervase Peterson,1.91,10.11,0.19,10,4,83,11,0.90,3.18,0,8,0.000,1.09,5.09
2704,Tina Wesson,1.88,8.61,0.22,5,10,68,9,0.54,1.11,-,-,-,0.76,2.99
2705,Ciera Eastin,1.37,9.11,0.15,8,13,101,13,0.61,1.01,-,-,-,0.76,2.38
2706,Laura Morett,3.30,8.75,0.38,4,19,56,6,0.61,0.81,-,-,-,0.99,4.11
2707,Hayden Moss,0.57,8.61,0.07,8,6,96,12,0.66,1.87,-,-,-,0.73,2.43
2708,Katie Collins,1.20,7.61,0.16,7,4,102,13,0.54,1.88,-,-,-,0.69,3.08
2709,Caleb Bankston,0.57,6.61,0.09,9,4,85,10,0.90,3.15,-,-,-,0.98,3.72
2710,Vytas Baskauskas,1.70,4.11,0.41,6,10,72,9,0.65,1.33,-,-,-,1.06,3.03
2711,Aras Baskauskas,0.91,2.61,0.35,1,7,29,3,0.25,0.85,-,-,-,0.60,1.76
2712,Laura Boneham,0.55,2.11,0.26,2,11,29,4,0.41,0.93,-,-,-,0.66,1.48
2713,John Cody,1.75,3.38,0.52,3,8,34,4,0.69,1.75,-,-,-,1.21,3.50
2714,Kat Edorsson,0.25,1.41,0.18,2,5,24,3,0.60,2.07,-,-,-,0.78,2.33
2715,Brad Culpepper,0.25,1.55,0.16,4,4,40,5,0.78,2.80,-,-,-,0.94,3.05
2716,Candice Cody,1.25,2.00,0.63,0,6,10,1,-0.60,0.00,-,-,-,0.03,1.25
2717,Marissa Peterson,0.50,1.61,0.31,0,10,19,2,-0.26,0.00,-,-,-,0.05,0.50
2718,Rachel Foulger,0.00,0.74,0.00,1,5,27,3,0.27,1.04,-,-,-,0.27,1.04
2719,Colton Cumbie,0.24,0.24,1.00,1,0,10,1,0.26,1.08,-,-,-,1.26,1.31
2720,Rupert Boneham,0.00,0.50,0.00,0,0,10,1,0.00,0.00,-,-,-,0.00,0.00
2801,Tony Vlachos,2.28,12.94,0.18,10,5,70,10,0.99,3.11,8,9,0.89,2.06,10.73
2802,Woo Hwang,3.53,12.94,0.27,9,4,70,10,0.89,3.15,1,9,0.11,1.28,7.35
2803,Kass McQuillen,1.63,12.94,0.13,9,2,85,13,0.69,3.23,-,-,-,0.82,4.86
2804,Spencer Bledsoe,4.41,11.94,0.37,6,8,82,12,0.49,1.17,-,-,-,0.86,5.58
2805,Trish Hegarty,1.33,10.94,0.12,5,5,63,8,0.62,1.94,-,-,-,0.74,3.27
2806,Tasha Fox,3.54,8.94,0.40,6,4,73,10,0.59,2.10,-,-,-,0.99,5.64
2807,Jefra Bland,1.76,7.61,0.23,5,9,58,7,0.69,1.54,-,-,-,0.92,3.30
2808,Jeremiah Wood,1.72,6.61,0.26,2,9,51,6,0.30,0.72,-,-,-,0.56,2.43
2809,LJ McKanas,1.51,5.36,0.28,3,8,43,5,0.56,1.40,-,-,-,0.84,2.91
2810,Morgan McLeod,0.72,4.03,0.18,1,8,34,4,0.19,0.58,-,-,-,0.37,1.30
2811,Sarah Lacina,0.83,2.83,0.29,1,6,18,2,0.33,1.40,-,-,-,0.63,2.23
2812,Alexis Maxwell,0.68,1.83,0.37,1,8,13,2,0.19,1.17,-,-,-,0.57,1.85
2813,Lindsey Ogle,0.55,1.43,0.39,0,0,7,1,-0.46,0.00,-,-,-,-0.08,0.55
2814,Cliff Robinson,0.73,1.43,0.51,0,4,7,1,-0.57,0.00,-,-,-,-0.06,0.73
2815,J'Tia Taylor,0.13,1.12,0.11,2,7,15,3,0.51,1.70,-,-,-,0.62,1.82
2816,Brice Johnston,0.17,0.62,0.27,0,2,6,1,-0.33,0.00,-,-,-,-0.06,0.17
2817,Garrett Adelstein,0.00,0.37,0.00,1,3,11,2,0.36,2.00,-,-,-,0.36,2.00
2818,David Samson,0.00,0.17,0.00,0,4,6,1,-0.67,0.00,-,-,-,-0.67,0.00
2901,Natalie Anderson,3.11,13.86,0.22,7,0,69,9,0.78,5.44,5,8,0.625,1.63,12.31
2902,Jaclyn Schultz,1.42,14.36,0.10,9,2,97,13,0.69,3.23,2,8,0.25,1.04,6.15
2903,Missy Payne,0.74,13.86,0.05,7,3,82,11,0.63,2.55,1,8,0.125,0.81,4.03
2904,Keith Nale,4.77,14.36,0.33,4,13,82,11,0.35,0.60,-,-,-,0.68,5.37
2905,Baylor Wilson,1.37,13.36,0.10,8,16,93,12,0.65,0.93,-,-,-,0.75,2.30
2906,Jon Misch,2.49,11.36,0.22,5,2,73,9,0.55,2.59,-,-,-,0.77,5.08
2907,Alec Christy,0.93,9.53,0.10,4,4,69,8,0.49,1.75,-,-,-,0.59,2.68
2908,Reed Kelly,2.86,8.03,0.36,1,10,47,5,0.16,0.40,-,-,-,0.51,3.26
2909,Wes Nale,1.18,6.03,0.20,3,2,54,6,0.49,2.33,-,-,-,0.69,3.51
2910,Jeremy Collins,2.61,4.78,0.55,2,5,30,3,0.61,2.07,-,-,-,1.16,4.69
2911,Josh Canfield,0.48,3.08,0.15,2,6,35,4,0.46,1.40,-,-,-,0.61,1.88
2912,Julie McGee,0.92,2.38,0.39,1,2,9,1,-0.28,0.78,-,-,-,0.11,1.70
2913,Dale Wentworth,0.17,0.88,0.19,1,8,37,5,0.16,0.47,-,-,-,0.35,0.63
2914,Kelley Wentworth,0.40,0.71,0.57,1,4,16,2,0.38,1.75,-,-,-,0.94,2.15
2915,Drew Christy,0.40,0.57,0.71,0,5,9,1,-0.56,0.00,-,-,-,0.15,0.40
2916,John Rocker,0.00,0.90,0.00,1,5,24,3,0.26,1.04,-,-,-,0.26,1.04
2917,Val Collins,0.00,0.74,0.00,0,4,17,2,-0.12,0.00,-,-,-,-0.12,0.00
2918,Nadiya Anderson,0.00,0.11,0.00,0,5,9,1,-0.56,0.00,-,-,-,-0.56,0.00
3001,Mike Holloway,7.54,13.80,0.55,9,0,85,11,0.82,5.73,6,8,0.75,2.11,17.76
3002,Will Sims II,1.58,13.80,0.11,6,4,91,12,0.50,1.75,1,8,0.13,0.74,4.08
3003,Carolyn Rivera,3.80,13.80,0.28,9,5,85,11,0.81,2.55,1,8,0.13,1.21,7.10
3004,Rodney Lavoie Jr.,0.67,13.80,0.05,4,5,86,11,0.36,1.13,-,-,-,0.41,1.80
3005,Sierra Dawn Thomas,1.20,12.80,0.09,5,6,82,10,0.49,1.40,-,-,-,0.59,2.60
3006,Dan Foley,1.12,10.80,0.10,5,9,77,10,0.49,1.08,-,-,-,0.59,2.20
3007,Tyler Fredrickson,2.16,9.47,0.23,3,5,70,8,0.37,1.17,-,-,-,0.59,3.33
3008,Shirin Oskooi,0.63,8.14,0.08,4,7,63,7,0.56,1.45,-,-,-,0.63,2.08
3009,Jenn Brown,1.00,6.89,0.15,4,11,60,7,0.55,1.07,-,-,-,0.69,2.07
3010,Joe Anglim,3.95,5.89,0.67,3,8,51,6,0.47,1.17,-,-,-,1.15,5.12
3011,Hali Ford,1.00,4.69,0.21,3,8,41,5,0.56,1.40,-,-,-,0.77,2.40
3012,Kelly Remington,0.62,2.69,0.23,1,4,25,3,0.28,1.17,-,-,-,0.51,1.78
3013,Joaquin Souberbielle,0.84,1.69,0.50,0,4,13,2,-0.15,0.00,-,-,-,0.34,0.84
3014,Max Dawson,0.55,1.35,0.41,1,5,13,2,0.31,1.56,-,-,-,0.71,2.11
3015,Lindsey Cascaddan,0.18,1.07,0.17,0,2,6,1,-0.33,0.00,-,-,-,-0.16,0.18
3016,Nina Poersch,0.17,0.57,0.29,0,4,11,2,-0.18,0.00,-,-,-,0.11,0.17
3017,Vince Sly,0.17,0.37,0.45,0,3,6,1,-0.50,0.00,-,-,-,-0.05,0.17
3018,So Kim,0.00,2.17,0.00,0,4,6,1,-0.67,0.00,-,-,-,-0.67,0.00
3101,Jeremy Collins,1.64,15.43,0.11,7,0,91,11,0.64,4.45,10,10,1.00,1.74,12.09
3102,Tasha Fox,1.13,14.93,0.08,7,5,96,12,0.58,1.81,0,10,0.00,0.65,2.94
3103,Spencer Bledsoe,3.95,14.93,0.26,9,11,117,14,0.64,1.20,0,10,0.00,0.90,5.15
3104,Kelley Wentworth,3.83,14.93,0.26,6,5,104,12,0.50,1.56,-,-,-,0.75,5.38
3105,Keith Nale,3.16,13.93,0.23,2,4,81,9,0.22,0.78,-,-,-,0.44,3.94
3106,Kimmi Kappenberg,0.80,12.93,0.06,5,2,82,9,0.55,2.59,-,-,-,0.62,3.40
3107,Abi-Maria Gomes,0.72,11.93,0.06,8,14,107,12,0.66,1.04,-,-,-,0.72,1.75
3108,Joe Anglim,5.56,9.93,0.56,0,8,63,5,-0.03,0.00,-,-,-,0.53,5.56
3109,Stephen Fishbach,1.84,7.93,0.23,4,4,61,7,0.56,2.00,-,-,-,0.79,3.84
3110,Ciera Eastin,1.23,5.93,0.21,3,10,53,5,0.56,1.20,-,-,-,0.77,2.43
3111,Kelly Wiglesworth,0.72,4.73,0.15,1,8,68,7,0.13,0.33,-,-,-,0.28,1.05
3112,Andrew Savage,1.23,4.03,0.30,3,4,43,5,0.58,2.10,-,-,-,0.89,3.33
3113,Kass McQuillen,0.75,2.36,0.32,1,6,20,2,0.35,1.40,-,-,-,0.67,2.15
3114,Woo Hwang,0.52,1.36,0.38,2,5,37,5,0.37,1.24,-,-,-,0.75,1.76
3115,Terry Deitz,0.52,1.58,0.33,0,0,19,2,-0.08,0.00,-,-,-,0.25,0.52
3116,Monica Padilla,0.29,1.08,0.27,0,3,6,1,-0.50,0.00,-,-,-,-0.23,0.29
3117,Jeff Varner,0.00,0.58,0.00,3,4,30,4,0.72,2.63,-,-,-,0.72,2.63
3118,Peih-Gee Law,0.00,0.38,0.00,2,4,25,3,0.61,2.33,-,-,-,0.61,2.33
3119,Shirin Oskooi,0.00,0.21,0.00,1,5,19,2,0.37,1.56,-,-,-,0.37,1.56
3120,Vytas Baskauskas,0.00,0.10,0.00,0,6,10,1,-0.60,0.00,-,-,-,-0.60,0.00
3201,Michele Fitzgerald,5.20,13.40,0.39,4,2,45,6,0.66,3.11,5,7,0.71,1.76,12.60
3202,Aubry Bracco,1.93,13.40,0.14,8,8,63,9,0.87,2.07,2,7,0.29,1.30,5.72
3203,Tai Trang,3.11,13.40,0.23,5,4,57,9,0.55,1.94,0,7,0.00,0.78,5.05
3204,Cydney Gillon,1.96,12.40,0.16,7,5,60,9,0.77,2.42,-,-,-,0.93,4.38
3205,Joe del Campo,1.68,10.40,0.16,6,1,59,8,0.66,1.87,-,-,-,0.82,3.55
3206,Kyle Jason,2.04,9.40,0.22,2,5,56,8,0.24,0.78,-,-,-,0.46,2.82
3207,Julia Sokolowski,2.58,8.07,0.32,3,7,40,5,0.57,1.53,-,-,-,0.88,4.10
3208,Scot Pollard,0.74,6.57,0.11,4,7,54,8,0.48,1.27,-,-,-,0.60,2.01
3209,Debbie Wanner,1.20,5.07,0.24,2,5,25,3,0.60,2.07,-,-,-,0.84,3.27
3210,Nick Maiorano,2.32,3.82,0.61,0,6,10,1,-0.60,0.00,-,-,-,0.01,2.32
3211,Neal Gottlieb,0.85,2.62,0.32,0,0,6,1,-0.32,0.00,-,-,-,0.00,0.85
3212,Peter Baggenstos,0.93,1.62,0.58,1,7,18,3,0.20,0.85,-,-,-,0.78,1.78
3213,Anna Khait,0.41,1.28,0.32,0,5,6,1,-0.83,0.00,-,-,-,-0.52,0.41
3214,Alecia Holden,0.13,3.45,0.04,2,8,15,3,0.49,1.56,-,-,-,0.53,1.68
3215,Caleb Reynolds,0.66,0.87,0.76,0,0,0,0,-1.00,0.00,-,-,-,-0.24,0.66
3216,Liz Markham,0.27,0.62,0.43,0,2,6,1,-0.33,0.00,-,-,-,0.10,0.27
3217,Jennifer Lanzetti,0.00,0.37,0.00,1,3,11,2,0.36,2.00,-,-,-,0.36,2.00
3218,Darnell Hamilton,0.00,0.17,0.00,0,3,6,1,-0.50,0.00,-,-,-,-0.50,0.00
3301,Adam Klein,1.76,13.22,0.13,9,6,100,12,0.75,2.10,10,10,1.00,1.88,9.86
3302,Ken McNickle,4.75,13.22,0.36,12,2,117,14,0.86,4.00,0,10,0.00,1.22,8.75
3303,Hannah Shapiro,1.11,13.22,0.08,9,5,101,12,0.75,2.33,0,10,0.00,0.83,3.44
3304,David Wright,3.15,13.22,0.24,12,10,117,14,0.85,1.71,-,-,-,1.09,4.87
3305,Bret LaBelle,1.39,12.22,0.11,5,5,114,13,0.38,1.20,-,-,-,0.49,2.58
3306,Jay Starrett,4.04,11.22,0.36,3,9,92,10,0.29,0.65,-,-,-,0.65,4.68
3307,Sunday Burquest,1.26,10.22,0.12,5,5,103,11,0.45,1.41,-,-,-,0.57,2.68
3308,Will Wahl,1.59,9.22,0.17,4,6,79,8,0.49,1.40,-,-,-,0.66,2.99
3309,Zeke Smith,1.62,8.22,0.20,4,10,70,7,0.55,1.14,-,-,-,0.75,2.76
3310,Jessica Lewis,0.59,6.22,0.09,4,4,78,8,0.49,1.75,-,-,-,0.59,2.34
3311,Chris Hammons,1.15,4.89,0.24,4,7,68,7,0.56,1.45,-,-,-,0.79,2.61
3312,Taylor Stocker,0.85,3.69,0.23,1,7,40,4,0.21,0.64,-,-,-,0.44,1.49
3313,Michelle Schubert,1.09,2.52,0.43,2,10,28,3,0.55,1.33,-,-,-,0.98,2.42
3314,Michaela Bradshaw,1.04,1.52,0.68,1,4,16,2,0.38,1.75,-,-,-,1.06,2.79
3315,Figgy Figueroa,0.44,1.02,0.43,1,6,15,2,0.30,1.40,-,-,-,0.73,1.84
3316,CeCe Taylor,0.24,0.77,0.31,2,11,32,4,0.41,0.93,-,-,-,0.72,1.17
3317,Lucy Huang,0.24,0.57,0.41,1,2,27,3,0.31,1.56,-,-,-,0.72,1.79
3318,Paul Wachter,0.11,0.32,0.34,1,6,19,2,0.34,1.40,-,-,-,0.69,1.51
3319,Mari Takahashi,0.10,0.21,0.47,0,7,10,1,-0.70,0.00,-,-,-,-0.23,0.10
3320,Rachel Ako,0.00,0.10,0.00,0,5,10,1,-0.50,0.00,-,-,-,-0.50,0.00
3401,Sarah Lacina,1.14,12.31,0.09,11,0,99,13,0.85,5.92,7,10,0.70,1.64,11.26
3402,Brad Culpepper,6.56,12.81,0.51,8,2,103,12,0.67,3.11,3,10,0.30,1.48,11.47
3403,Troyzan Robertson,1.64,12.81,0.13,8,2,105,12,0.67,3.11,0,10,0.00,0.79,4.75
3404,Tai Trang,1.85,12.81,0.14,9,10,109,13,0.69,1.38,-,-,-,0.83,3.23
3405,Aubry Bracco,2.29,11.31,0.20,6,8,117,13,0.46,1.08,-,-,-,0.66,3.36
3406,Cirie Fields,0.87,10.31,0.08,4,0,77,8,0.50,3.50,-,-,-,0.58,4.37
3407,Michaela Bradshaw,0.55,9.31,0.06,7,11,106,11,0.63,1.19,-,-,-,0.69,1.74
3408,Andrea Boehlke,3.84,8.31,0.46,5,14,77,8,0.60,0.97,-,-,-,1.06,4.81
3409,Sierra Dawn Thomas,0.90,7.31,0.12,4,9,73,7,0.55,1.23,-,-,-,0.68,2.13
3410,Zeke Smith,1.30,5.97,0.22,3,11,60,6,0.47,0.93,-,-,-,0.69,2.24
3411,Debbie Wanner,0.92,4.63,0.20,6,6,60,7,0.84,2.40,-,-,-,1.04,3.32
3412,Ozzy Lusth,1.10,4.07,0.27,3,7,39,4,0.71,1.91,-,-,-,0.98,3.01
3413,Hali Ford,0.49,2.41,0.20,4,8,49,5,0.77,1.87,-,-,-,0.97,2.35
3414,Jeff Varner,0.41,1.41,0.29,3,6,48,6,0.48,1.40,-,-,-,0.77,1.81
3415,Sandra Diaz-Twine,0.27,1.12,0.24,2,5,42,5,0.38,1.24,-,-,-,0.61,1.51
3416,J.T. Thomas,0.73,1.48,0.49,0,3,16,2,-0.09,0.00,-,-,-,0.40,0.73
3417,Malcolm Freberg,0.42,1.08,0.39,2,5,30,3,0.61,2.07,-,-,-,1.00,2.49
3418,Caleb Reynolds,0.00,0.38,0.00,2,5,25,3,0.60,2.07,-,-,-,0.60,2.07
3419,Tony Vlachos,0.00,0.21,0.00,1,7,19,2,0.32,1.27,-,-,-,0.32,1.27
3420,Ciera Eastin,0.00,0.10,0.00,0,9,10,1,-0.90,0.00,-,-,-,-0.90,0.00
3501,Ben Driebergen,1.78,14.28,0.12,7,2,73,9,0.77,3.63,5,8,0.63,1.52,9.16
3502,Chrissy Hofbeck,6.43,14.28,0.45,5,7,82,11,0.45,1.16,2,8,0.25,1.15,9.09
3503,Ryan Ulrich,0.63,14.28,0.04,8,0,87,12,0.67,4.67,1,8,0.13,0.84,6.05
3504,Devon Pinto,1.53,14.28,0.11,9,1,82,10,0.90,5.04,-,-,-,1.01,6.57
3505,Mike Zahalsky,1.31,13.28,0.10,3,5,67,8,0.37,1.17,-,-,-,0.46,2.48
3506,Ashley Nolan,3.13,12.28,0.26,5,8,72,9,0.54,1.30,-,-,-,0.80,4.43
3507,Lauren Rimmer,2.86,10.78,0.27,6,3,67,7,0.85,3.43,-,-,-,1.12,6.29
3508,Joe Mena,1.18,8.78,0.13,3,9,53,6,0.47,1.08,-,-,-,0.61,2.26
3509,JP Hilsabeck,0.93,7.53,0.12,5,6,56,7,0.70,2.00,-,-,-,0.82,2.93
3510,Cole Medders,2.98,5.53,0.54,0,7,32,3,-0.07,0.00,-,-,-,0.47,2.98
3511,Desi Williams,2.13,4.33,0.49,1,4,26,3,0.28,1.17,-,-,-,0.77,3.30
3512,Jessica Johnston,1.78,3.13,0.57,0,7,12,1,-0.58,0.00,-,-,-,-0.01,1.78
3513,Ali Elliott,0.43,2.13,0.20,2,3,20,4,0.46,2.00,-,-,-,0.67,2.43
3514,Roark Luskin,0.73,1.63,0.45,0,3,5,1,-0.60,0.00,-,-,-,-0.15,0.73
3515,Alan Ball,0.38,1.13,0.34,1,2,10,2,0.40,2.33,-,-,-,0.74,2.72
3516,Patrick Bolton,0.08,0.73,0.11,1,5,11,2,0.27,1.56,-,-,-,0.39,1.64
3517,Simone Nguyen,0.08,0.53,0.16,0,5,6,1,-0.83,0.00,-,-,-,-0.68,0.08
3518,Katrina Radke,0.08,0.33,0.25,0,5,6,1,-0.83,0.00,-,-,-,-0.58,0.08
3601,Wendell Holland,3.95,12.39,0.32,7,5,75,9,0.77,2.42,6,11,0.55,1.63,9.65
3602,Domenick Abbate,4.31,12.39,0.35,8,2,80,10,0.80,3.73,5,11,0.45,1.60,10.77
3603,Laurel Johnson,2.45,12.72,0.19,10,2,92,11,0.91,4.24,0,10,0.00,1.10,6.69
3604,Angela Perkins,1.89,12.39,0.15,4,3,79,9,0.44,1.78,-,-,-,0.59,3.67
3605,Donathan Hurley,1.02,11.39,0.09,6,9,88,11,0.54,1.17,-,-,-,0.63,2.19
3606,Sebastian Noel,2.10,10.72,0.20,6,5,78,9,0.66,2.07,-,-,-,0.86,4.17
3607,Kellyn Bechtold,1.65,9.39,0.18,6,4,78,10,0.59,2.10,-,-,-,0.77,3.75
3608,Chelsea Townsend,3.04,7.89,0.39,6,5,70,8,0.74,2.33,-,-,-,1.13,5.37
3609,Michael Yerger,0.77,6.22,0.12,5,5,80,9,0.55,1.73,-,-,-,0.67,2.50
3610,Jenna Bowman,0.64,5.89,0.11,5,3,74,8,0.62,2.50,-,-,-,0.73,3.14
3611,Desiree Afuye,0.45,5.22,0.09,4,10,57,6,0.64,1.33,-,-,-,0.72,1.78
3612,Libby Vincek,1.02,3.69,0.28,4,8,55,6,0.64,1.56,-,-,-,0.92,2.57
3613,Chris Noble,1.29,2.86,0.45,0,10,13,1,-0.77,0.00,-,-,-,-0.32,1.29
3614,Bradley Kleihege,0.67,1.52,0.44,2,8,22,3,0.55,1.56,-,-,-,0.99,2.23
3615,James Lim,0.50,1.02,0.49,3,6,30,4,0.70,2.10,-,-,-,1.19,2.60
3616,Stephanie Johnson,0.11,0.82,0.14,2,7,34,4,0.45,1.27,-,-,-,0.58,1.38
3617,Brendan Shapiro,0.44,0.91,0.49,2,5,26,3,0.60,2.07,-,-,-,1.09,2.52
3618,Morgan Ricke,0.21,0.32,0.66,0,4,8,1,-0.50,0.00,-,-,-,0.16,0.21
3619,Jacob Derwin,0.00,0.21,0.00,0,5,8,1,-0.63,0.00,-,-,-,-0.63,0.00
3620,Stephanie Gonzalez,0.00,0.10,0.00,0,8,9,1,-0.89,0.00,-,-,-,-0.89,0.00
3701,Nick Wilson,4.12,13.75,0.30,10,0,99,13,0.77,5.38,7,10,0.70,1.77,13.70
3702,Mike White,2.19,13.75,0.16,9,1,100,12,0.75,4.20,3,10,0.30,1.21,8.19
3703,Angelina Keeley,1.04,13.75,0.08,8,4,100,12,0.66,2.33,0,10,0.00,0.74,3.37
3704,Kara Kay,2.19,13.75,0.16,7,0,96,11,0.64,4.45,-,-,-,0.80,6.64
3705,Alison Raybould,2.13,13.00,0.16,5,13,91,9,0.54,0.92,-,-,-,0.70,3.04
3706,Davie Rickenbacker,3.10,11.75,0.26,5,5,90,10,0.49,1.56,-,-,-,0.76,4.66
3707,Christian Hubicki,2.54,11.00,0.23,6,6,79,8,0.74,2.10,-,-,-,0.97,4.64
3708,Gabby Pascuzzi,1.04,8.75,0.12,5,2,72,7,0.71,3.33,-,-,-,0.83,4.38
3709,Carl Boudreaux,0.90,7.05,0.13,3,6,64,6,0.48,1.40,-,-,-,0.61,2.30
3710,Alec Merlino,2.30,6.00,0.38,3,9,61,6,0.48,1.08,-,-,-,0.86,3.38
3711,Dan Rengering,2.21,4.80,0.46,2,6,46,4,0.47,1.40,-,-,-,0.93,3.61
3712,John Hennigan,1.18,3.85,0.31,2,3,35,3,0.64,2.67,-,-,-,0.94,3.84
3713,Elizabeth Olson,0.53,2.44,0.22,2,13,27,3,0.51,1.10,-,-,-,0.72,1.62
3714,Lyrsa Torres,0.70,1.69,0.42,2,9,18,3,0.50,1.44,-,-,-,0.92,2.14
3715,Natalie Cole,0.30,0.94,0.32,1,4,15,2,0.37,1.75,-,-,-,0.69,2.05
3716,Natalia Azoqa,0.21,0.54,0.39,1,3,15,2,0.40,2.00,-,-,-,0.79,2.21
3717,Bi Nguyen,0.13,0.34,0.37,0,0,9,1,-0.20,0.00,-,-,-,0.14,0.13
3718,Jeremy Crawford,0.21,0.34,0.63,0,9,10,1,-0.90,0.00,-,-,-,-0.27,0.21
3719,Jessica Peet,0.00,0.21,0.00,0,5,9,1,-0.56,0.00,-,-,-,-0.56,0.00
3720,Pat Cusack,0.00,0.10,0.00,0,0,0,0,-1.00,0.00,-,-,-,-1.00,0.00
